postcode,base_vac_v2010,n_base_v2010,development_type_v2010,base_vac_v2014,n_base_v2014,development_type_v2014
0000,0.0,2.0,,,,
0002,100.0,1.0,,,,
0259,100.0,1.0,,,,
1041,100.0,1.0,,,,
1460,0.0,1.0,,,,
1590,0.0,2.0,,,,
1715,0.0,2.0,,,,
1865,100.0,1.0,,,,
2000,3.9244724176231025,2701.0,Established,1.2135922330097086,824.0,Established
2001,0.0,6.0,,,,
2002,0.0,1.0,,,,
2004,0.0,1.0,,,,
2007,4.911323328785811,733.0,Established,0.5376344086021505,186.0,Established
2008,2.418207681365576,703.0,Established,1.4492753623188406,207.0,Established
2009,6.681681681681682,1332.0,Established,2.5316455696202533,79.0,Established
2010,2.527405602923264,3284.0,Established,1.2903225806451613,930.0,Established
2011,1.990521327014218,1055.0,Established,0.9803921568627451,102.0,Established
2015,3.5714285714285716,2184.0,Established,2.100840336134454,476.0,Established
2016,2.9962546816479403,1335.0,Established,2.5641025641025643,390.0,Established
2017,3.750478377344049,2613.0,Established,1.749271137026239,686.0,Established
2018,1.160261058738216,1379.0,Established,1.757469244288225,569.0,Established
2019,9.037900874635568,1029.0,Established,4.358353510895884,413.0,Established
2020,4.947916666666667,1536.0,Established,2.433628318584071,904.0,Established
2021,1.1457670273711011,3142.0,Established,0.7434944237918215,1076.0,Established
2022,1.2218649517684887,1555.0,Established,1.335559265442404,599.0,Established
2023,2.121212121212121,990.0,Established,2.5839793281653747,387.0,Established
2024,1.8691588785046729,1177.0,Established,0.44052863436123346,454.0,Established
2025,1.278772378516624,1173.0,Established,0.0,417.0,Established
2026,1.197373503283121,2589.0,Established,0.9142857142857143,875.0,Established
2027,4.991087344028521,561.0,Established,2.112676056338028,142.0,Established
2028,2.891566265060241,415.0,Established,0.6944444444444444,144.0,Established
2029,1.4014014014014013,999.0,Established,1.0638297872340425,282.0,Established
2030,1.7476788640087384,1831.0,Established,0.704225352112676,710.0,Established
2031,1.6141429669485012,2602.0,Established,0.46029919447640966,869.0,Established
2032,1.7079419299743808,1171.0,Established,0.5714285714285714,350.0,Established
2033,1.1477761836441893,697.0,Established,1.6597510373443984,241.0,Established
2034,1.8271257905832747,1423.0,Established,1.1787819253438114,509.0,Established
2035,2.402306213965407,3122.0,Established,1.3888888888888888,1008.0,Established
2036,8.530020703933747,2415.0,Established,2.9386343993085564,1157.0,Established
2037,1.9618528610354224,1835.0,Established,0.547945205479452,730.0,Established
2038,1.8316831683168318,2020.0,Established,1.0309278350515463,582.0,Established
2039,1.8359150889271372,1743.0,Established,0.6172839506172839,648.0,Established
2040,1.734820322180917,4035.0,Established,1.3768115942028984,1380.0,Established
2041,1.2736660929432013,2905.0,Established,1.5511892450879008,967.0,Established
2042,1.46163215590743,3284.0,Established,0.7827788649706457,1022.0,Established
2043,2.2915340547422023,1571.0,Established,0.40404040404040403,495.0,Established
2044,3.51634793337446,1621.0,Established,7.927927927927928,555.0,Established
2045,0.7633587786259542,655.0,Established,1.1070110701107012,271.0,Established
2046,1.9636363636363636,2750.0,Established,1.543550165380375,907.0,Established
2047,1.5939597315436242,1192.0,Established,0.8,375.0,Established
2048,1.506276150627615,1195.0,Established,0.5141388174807198,389.0,Established
2049,1.7112299465240641,1870.0,Established,2.589641434262948,502.0,Established
2050,1.7733230531996915,1297.0,Established,2.0547945205479454,292.0,Established
2057,0.0,5.0,,,,
2060,2.532751091703057,1145.0,Established,0.9036144578313253,332.0,Established
2061,4.526748971193416,243.0,Established,0.0,109.0,Established
2062,2.1592442645074224,741.0,Established,0.851063829787234,235.0,Established
2063,1.6427104722792607,974.0,Established,0.8746355685131195,343.0,Established
2064,4.72027972027972,572.0,Established,1.744186046511628,172.0,Established
2065,2.8348909657320873,3210.0,Established,0.8495145631067961,824.0,Established
2066,2.882205513784461,3192.0,Established,1.5775635407537247,1141.0,Established
2067,2.933433621662279,2659.0,Established,0.9250693802035153,1081.0,Established
2068,3.860430586488493,2694.0,Established,0.8695652173913043,1035.0,Established
2069,2.12443095599393,1977.0,Established,3.620474406991261,801.0,Established
2070,3.491543917075832,1833.0,Established,2.346041055718475,682.0,Established
2071,1.8898488120950323,1852.0,Established,1.0719754977029097,653.0,Established
2072,2.345415778251599,938.0,Established,1.9021739130434783,368.0,Established
2073,1.84141300263059,2661.0,Established,1.5655577299412915,1022.0,Established
2074,3.3874181611158556,3513.0,Established,4.394757131842714,1297.0,Established
2075,2.1351179094964947,3138.0,Established,2.67639902676399,1233.0,Established
2076,4.13265306122449,3920.0,Established,3.7722908093278464,1458.0,Established
2077,4.926346293165902,4141.0,Established,3.621853898096992,1629.0,Established
2079,6.018518518518518,1080.0,Established,7.103825136612022,366.0,Established
2080,13.26530612244898,294.0,Established,17.02127659574468,94.0,Greenfield
2081,13.37719298245614,912.0,Established,7.251908396946565,262.0,Established
2082,6.6516347237880495,887.0,Established,7.07395498392283,311.0,Established
2083,17.658730158730158,504.0,Greenfield,11.538461538461538,156.0,Established
2084,9.866220735785953,598.0,Established,10.112359550561798,178.0,Established
2085,7.97675647120972,1893.0,Established,6.546644844517185,611.0,Established
2086,5.023255813953488,2150.0,Established,5.456852791878172,788.0,Established
2087,1.7911975435005119,1954.0,Established,0.6578947368421053,608.0,Established
2088,1.728263759638394,3761.0,Established,1.5552099533437014,1286.0,Established
2089,2.384105960264901,755.0,Established,0.9049773755656109,221.0,Established
2090,1.2477718360071302,1122.0,Established,1.0067114093959733,298.0,Established
2092,8.892238131122834,1327.0,Established,3.061224489795918,490.0,Established
2093,1.5204307887234716,3157.0,Established,2.360717658168083,1059.0,Established
2094,1.21580547112462,658.0,Established,0.975609756097561,205.0,Established
2095,2.2878932316491896,1049.0,Established,1.7361111111111112,288.0,Established
2096,3.5443037974683542,1580.0,Established,2.584493041749503,503.0,Established
2097,2.150537634408602,1953.0,Established,3.197674418604651,688.0,Established
2098,0.0,1.0,,,,
2099,3.887100767516712,4039.0,Established,6.412213740458015,1310.0,Established
2100,5.496392992098935,2911.0,Established,3.260869565217391,1012.0,Established
2101,5.403158769742311,2406.0,Established,3.319502074688797,723.0,Established
2102,27.376938637896156,1483.0,Greenfield,7.733333333333333,375.0,Established
2103,7.983193277310924,1428.0,Established,2.6128266033254155,421.0,Established
2104,7.475083056478406,602.0,Established,3.7037037037037037,216.0,Established
2105,8.64600326264274,613.0,Established,7.2727272727272725,165.0,Established
2106,5.229993698802772,1587.0,Established,4.081632653061225,539.0,Established
2107,3.8050734312416554,2996.0,Established,1.4506769825918762,1034.0,Established
2108,6.839945280437757,731.0,Established,5.063291139240507,237.0,Established
2110,2.5436046511627906,1376.0,Established,1.36986301369863,511.0,Established
2111,2.2629969418960245,1635.0,Established,2.1052631578947367,570.0,Established
2112,2.0287404902789516,3549.0,Established,0.9825673534072901,3155.0,Established
2113,4.468949506674405,1723.0,Established,1.36986301369863,1533.0,Established
2114,1.9704433497536946,2233.0,Established,1.6339869281045751,918.0,Established
2115,4.072398190045249,1326.0,Established,4.423592493297587,746.0,Established
2116,4.563758389261745,745.0,Established,3.0508474576271185,295.0,Established
2117,5.089820359281437,2672.0,Established,3.476669716376944,1093.0,Established
2118,1.8113207547169812,2650.0,Established,1.9784172661870503,1112.0,Established
2119,5.3517739025856885,1663.0,Established,5.75,800.0,Established
2120,4.549431321084865,3429.0,Established,3.170289855072464,1104.0,Established
2121,4.998366546880105,3061.0,Established,1.4571948998178506,1647.0,Established
2122,3.828658074298711,2638.0,Established,1.1776251226692835,1019.0,Established
2123,0.0,2.0,,,,
2124,66.66666666666667,3.0,,,,
2125,11.2707182320442,2715.0,Established,8.324768756423433,973.0,Established
2126,7.472682410997533,2837.0,Established,2.383654937570942,881.0,Established
2127,2.0351526364477337,2162.0,Established,0.0,505.0,Established
2128,10.801393728222996,287.0,Established,6.818181818181818,88.0,Established
2129,0.0,1.0,,,,
2130,1.7482517482517483,572.0,Established,0.32362459546925565,309.0,Established
2131,2.0440251572327046,1272.0,Established,2.5,440.0,Established
2132,2.3529411764705883,1190.0,Established,0.25510204081632654,392.0,Established
2133,1.582014987510408,1201.0,Established,0.7614213197969543,394.0,Established
2134,2.824858757062147,885.0,Established,1.3245033112582782,453.0,Established
2135,1.554979637171418,2701.0,Established,1.2779552715654952,939.0,Established
2136,3.981264637002342,854.0,Established,3.8338658146964857,313.0,Established
2137,4.104046242774566,3460.0,Established,1.58465387823186,1199.0,Established
2138,3.240564239420511,2623.0,Established,0.5565862708719852,1617.0,Established
2140,2.503052503052503,1638.0,Established,1.1652542372881356,944.0,Established
2141,4.898648648648648,2960.0,Established,2.907488986784141,1135.0,Established
2142,4.178994082840236,2704.0,Established,4.848484848484849,990.0,Established
2143,6.641000962463908,1039.0,Established,39.36348408710218,597.0,Greenfield
2144,2.42224057252959,3633.0,Established,2.0876826722338206,958.0,Established
2145,14.212812160694897,9210.0,Established,7.095279467130032,3453.0,Established
2146,5.935325419566107,2443.0,Established,2.270011947431302,837.0,Established
2147,3.225806451612903,5704.0,Established,1.5836050302748022,2147.0,Established
2148,6.645435244161359,9420.0,Established,5.308938212357528,3334.0,Established
2149,100.0,5.0,,,,
2150,6.963958460598656,1637.0,Established,3.4813925570228093,833.0,Established
2151,2.8690974297668856,1673.0,Established,1.6539440203562341,786.0,Established
2152,2.5017373175816537,1439.0,Established,3.1185031185031185,481.0,Established
2153,13.362576227666631,9347.0,Established,9.099466582993411,3187.0,Established
2154,16.291604904999325,7421.0,Greenfield,8.515381185911725,2243.0,Established
2155,40.0013044612575,15332.0,Greenfield,40.17520215633423,7420.0,Greenfield
2156,8.360128617363344,2177.0,Established,6.218905472636816,804.0,Established
2157,9.05587668593449,519.0,Established,11.538461538461538,208.0,Established
2158,8.664259927797834,1385.0,Established,6.043956043956044,546.0,Established
2159,7.522123893805309,678.0,Established,10.108303249097473,277.0,Established
2160,4.664031620553359,3795.0,Established,2.2884882108183078,1442.0,Established
2161,3.2507327471356247,3753.0,Established,2.8551532033426184,1436.0,Established
2162,1.4292300599354542,2169.0,Established,1.3259668508287292,905.0,Established
2163,4.8282265552460535,1077.0,Established,36.94690265486726,452.0,Greenfield
2164,8.446298227320126,2877.0,Established,5.041152263374485,972.0,Established
2165,4.152823920265781,4816.0,Established,2.6878436163714112,1637.0,Established
2166,5.591700369263232,5687.0,Established,4.4,1750.0,Established
2167,10.617059891107077,1102.0,Established,35.38633818589026,893.0,Greenfield
2168,6.96048632218845,6580.0,Established,8.06159420289855,2208.0,Established
2170,16.004788058019997,14202.0,Greenfield,19.22729734609135,5539.0,Greenfield
2171,31.305903398926656,7267.0,Greenfield,52.265998633568664,4391.0,Greenfield
2172,24.63768115942029,207.0,Greenfield,50.76335877862596,262.0,Greenfield
2173,2.9654654654654653,2664.0,Established,1.1056511056511056,814.0,Established
2174,64.78873239436619,71.0,Greenfield,74.06679764243614,1018.0,Greenfield
2175,49.29577464788732,142.0,Greenfield,25.555555555555557,90.0,Greenfield
2176,9.511424856028237,5383.0,Established,7.150537634408602,1860.0,Established
2177,7.4812967581047385,2005.0,Established,5.384615384615385,650.0,Established
2178,39.682539682539684,252.0,Greenfield,28.32369942196532,173.0,Greenfield
2179,12.875536480686696,233.0,Established,78.02197802197803,819.0,Greenfield
2190,3.564421190320471,3058.0,Established,2.7555555555555555,1125.0,Established
2191,2.997275204359673,734.0,Established,1.0101010101010102,297.0,Established
2192,1.064773735581189,1127.0,Established,1.3774104683195592,363.0,Established
2193,2.4045261669024045,1414.0,Established,2.186588921282799,686.0,Established
2194,2.536510376633359,1301.0,Established,1.6286644951140066,614.0,Established
2195,1.7568517217146873,1423.0,Established,2.6548672566371683,452.0,Established
2196,1.7220543806646527,3310.0,Established,0.8647798742138365,1272.0,Established
2197,7.29431721798134,1179.0,Established,8.177570093457945,428.0,Established
2198,2.6422764227642275,984.0,Established,1.593625498007968,502.0,Established
2199,2.037533512064343,1865.0,Established,1.1627906976744187,774.0,Established
2200,3.710526315789474,3800.0,Established,1.9333333333333333,1500.0,Established
2203,1.3029315960912051,1228.0,Established,0.8264462809917356,363.0,Established
2204,3.0878859857482186,2947.0,Established,1.5940488841657812,941.0,Established
2205,2.441860465116279,1720.0,Established,0.8897188049209139,18208.0,Established
2206,3.0555555555555554,2160.0,Established,2.442002442002442,819.0,Established
2207,1.4578271433530023,2881.0,Established,0.5633802816901409,1065.0,Established
2208,2.8348688873139616,1411.0,Established,1.651376146788991,545.0,Established
2209,1.7543859649122806,1767.0,Established,2.1103896103896105,616.0,Established
2210,3.275910759672409,3541.0,Established,1.251840942562592,1358.0,Established
2211,2.5924147863658185,2083.0,Established,1.7112299465240641,935.0,Established
2212,2.0257826887661143,2172.0,Established,1.710261569416499,994.0,Established
2213,1.6096579476861168,2982.0,Established,0.8112094395280236,1356.0,Established
2214,2.5089605734767026,558.0,Established,1.4218009478672986,211.0,Established
2216,2.9383429672447012,2076.0,Established,1.1220196353436185,713.0,Established
2217,2.3608017817371936,2245.0,Established,1.0309278350515463,776.0,Established
2218,2.138157894736842,1216.0,Established,0.8241758241758241,364.0,Established
2219,2.0,1450.0,Established,1.3675213675213675,585.0,Established
2220,1.5516672169032684,3029.0,Established,1.0702545676936015,13081.0,Established
2221,2.1528998242530757,2276.0,Established,1.4590347923681257,891.0,Established
2222,1.1310084825636193,1061.0,Established,0.2958579881656805,338.0,Established
2223,3.0762564991334487,2308.0,Established,0.5393743257820928,927.0,Established
2224,2.63724434876211,1858.0,Established,1.911764705882353,680.0,Established
2225,4.475982532751091,916.0,Established,4.310344827586207,348.0,Established
2226,2.8776978417266186,1807.0,Established,1.9064124783362217,577.0,Established
2227,2.886836027713626,1732.0,Established,0.8264462809917356,605.0,Established
2228,1.8045112781954886,1995.0,Established,1.6282225237449117,737.0,Established
2229,3.0702935631564774,3713.0,Established,4.475524475524476,1430.0,Established
2230,2.4741506646971936,2708.0,Established,16.05839416058394,1507.0,Greenfield
2231,12.735849056603774,424.0,Established,19.718309859154928,142.0,Greenfield
2232,4.883284142742152,3727.0,Established,2.9780564263322886,1276.0,Established
2233,2.642934196332255,3708.0,Established,1.1329305135951662,1324.0,Established
2234,9.694619486185168,4126.0,Established,8.269096005606167,1427.0,Established
2236,100.0,1.0,,,,
2250,9.790708736324719,12614.0,Established,8.148483476686284,4418.0,Established
2251,9.663271080928126,7068.0,Established,5.5577929923479665,2483.0,Established
2254,28.571428571428573,7.0,,,,
2256,3.711340206185567,3395.0,Established,4.400606980273142,1318.0,Established
2257,4.513509292519132,6403.0,Established,3.3333333333333335,2400.0,Established
2258,15.148609779482262,1043.0,Greenfield,15.217391304347826,368.0,Greenfield
2259,25.413402959094864,16086.0,Greenfield,18.444324129218554,5541.0,Greenfield
2260,8.609022556390977,5320.0,Established,8.087091757387247,1929.0,Established
2261,5.108824332938712,10981.0,Established,3.6556603773584904,4240.0,Established
2262,9.836937256292096,5642.0,Established,6.9073783359497645,1911.0,Established
2263,2.8005974607916357,5356.0,Established,2.326642335766423,2192.0,Established
2264,16.788732394366196,3550.0,Greenfield,22.39241429613421,1371.0,Greenfield
2265,22.71214642262895,1202.0,Greenfield,44.7787610619469,565.0,Greenfield
2267,11.711711711711711,666.0,Established,10.480349344978166,229.0,Established
2277,,,,0.0,1.0,
2278,11.4,500.0,Established,6.338028169014085,142.0,Established
2279,0.0,2.0,,,,
2280,14.179672630376857,5254.0,Established,6.08646188850967,1758.0,Established
2281,10.670618747684328,2699.0,Established,29.093567251461987,1368.0,Greenfield
2282,5.91016548463357,2538.0,Established,7.751937984496124,1032.0,Established
2283,17.706199962762987,5371.0,Greenfield,13.36606655755592,1833.0,Established
2284,8.92226148409894,2264.0,Established,8.987341772151899,790.0,Established
2285,22.703714367981572,6946.0,Greenfield,30.54651919323357,3074.0,Greenfield
2286,8.538350217076701,691.0,Established,34.3108504398827,341.0,Greenfield
2287,18.319465284408675,7331.0,Greenfield,26.017094017094017,2925.0,Greenfield
2289,6.121328575349986,3643.0,Established,1.974183750949127,1317.0,Established
2290,11.404076350695568,6182.0,Established,6.351480420248328,2094.0,Established
2291,2.403035413153457,2372.0,Established,2.380952380952381,840.0,Established
2292,3.5256410256410255,624.0,Established,3.1818181818181817,220.0,Established
2293,7.444444444444445,900.0,Established,3.409090909090909,264.0,Established
2294,6.525285481239805,613.0,Established,3.061224489795918,196.0,Established
2295,18.69244935543278,1086.0,Greenfield,33.333333333333336,588.0,Greenfield
2296,4.754601226993865,652.0,Established,6.329113924050633,158.0,Established
2297,5.823293172690763,498.0,Established,1.910828025477707,157.0,Established
2298,3.3437826541274815,1914.0,Established,3.0120481927710845,664.0,Established
2299,3.2418952618453867,2005.0,Established,3.2857142857142856,700.0,Established
2300,4.690318701142513,1663.0,Established,6.209850107066381,467.0,Established
2301,50.0,2.0,,,,
2302,8.433734939759036,166.0,Established,6.779661016949152,59.0,Established
2303,5.328852616418627,2083.0,Established,1.3582342954159592,589.0,Established
2304,5.457702803274621,4031.0,Established,4.213036565977743,1258.0,Established
2305,2.5337837837837838,2368.0,Established,2.5851938895417157,851.0,Established
2306,4.658385093167702,322.0,Established,6.077348066298343,181.0,Established
2307,3.870967741935484,775.0,Established,2.898550724637681,276.0,Established
2311,29.807692307692307,208.0,Greenfield,23.943661971830984,71.0,Greenfield
2312,37.735849056603776,530.0,Greenfield,25.517241379310345,145.0,Greenfield
2315,18.292953989775505,4499.0,Greenfield,20.218228498074453,1558.0,Greenfield
2316,21.884272997032642,1348.0,Greenfield,19.82758620689655,464.0,Greenfield
2317,10.816191108161911,1507.0,Established,9.423076923076923,520.0,Established
2318,24.113475177304963,3666.0,Greenfield,23.967611336032387,1235.0,Greenfield
2319,26.73107890499195,1863.0,Greenfield,13.69047619047619,672.0,Established
2320,37.64147130153597,9896.0,Greenfield,39.830719442369926,4017.0,Greenfield
2321,42.48344370860927,3020.0,Greenfield,59.62128966223132,1954.0,Greenfield
2322,22.84560143626571,4456.0,Greenfield,35.860409145607704,1662.0,Greenfield
2323,24.215541317562018,6087.0,Greenfield,15.56701030927835,1940.0,Greenfield
2324,31.20117907148121,6785.0,Greenfield,25.0,2104.0,Greenfield
2325,21.80540827147402,7544.0,Greenfield,26.362582141476615,2587.0,Greenfield
2326,15.468940316686966,1642.0,Greenfield,16.893203883495147,515.0,Greenfield
2327,8.342480790340286,1822.0,Established,9.420289855072463,552.0,Established
2328,27.153558052434455,534.0,Greenfield,26.666666666666668,135.0,Greenfield
2329,33.92857142857143,672.0,Greenfield,54.17956656346749,323.0,Greenfield
2330,30.012957563977974,6174.0,Greenfield,30.14383989993746,1599.0,Greenfield
2333,28.39794488556749,4282.0,Greenfield,40.53876478318003,1522.0,Greenfield
2334,29.496402877697843,834.0,Greenfield,29.61672473867596,287.0,Greenfield
2335,33.79396984924623,1592.0,Greenfield,36.60245183887916,571.0,Greenfield
2336,29.881154499151105,589.0,Greenfield,28.440366972477065,218.0,Greenfield
2337,32.84574468085106,2256.0,Greenfield,28.571428571428573,784.0,Greenfield
2338,31.809145129224653,503.0,Greenfield,33.93939393939394,165.0,Greenfield
2339,41.509433962264154,212.0,Greenfield,46.774193548387096,62.0,Greenfield
2340,25.343931519413022,13084.0,Greenfield,24.79000646133965,4643.0,Greenfield
2341,12.738853503184714,471.0,Established,26.256983240223462,179.0,Greenfield
2342,28.712871287128714,101.0,Greenfield,31.03448275862069,29.0,
2343,30.48689138576779,1335.0,Greenfield,30.11049723756906,362.0,Greenfield
2344,33.333333333333336,129.0,Greenfield,26.829268292682926,41.0,
2345,13.513513513513514,148.0,Established,11.363636363636363,44.0,
2346,23.517587939698494,995.0,Greenfield,25.912408759124087,274.0,Greenfield
2347,15.384615384615385,468.0,Greenfield,16.901408450704224,142.0,Greenfield
2350,17.94954721862872,6184.0,Greenfield,17.861080485115767,1814.0,Greenfield
2352,23.88451443569554,762.0,Greenfield,22.304832713754646,269.0,Greenfield
2353,28.244274809160306,262.0,Greenfield,29.333333333333332,75.0,Greenfield
2354,26.036269430051814,772.0,Greenfield,36.86274509803921,255.0,Greenfield
2355,36.8421052631579,190.0,Greenfield,46.666666666666664,60.0,Greenfield
2356,6.896551724137931,29.0,,6.666666666666667,15.0,
2357,30.2130898021309,1314.0,Greenfield,25.559105431309906,313.0,Greenfield
2358,23.054187192118228,1015.0,Greenfield,23.905723905723907,297.0,Greenfield
2359,21.12676056338028,142.0,Greenfield,19.565217391304348,46.0,
2360,22.531418312387792,4456.0,Greenfield,18.999151823579304,1179.0,Greenfield
2361,20.398009950248756,201.0,Greenfield,30.0,60.0,Greenfield
2365,32.629107981220656,852.0,Greenfield,41.853035143769965,313.0,Greenfield
2369,13.58695652173913,184.0,Established,31.11111111111111,45.0,
2370,20.691090757701915,2402.0,Greenfield,28.41726618705036,556.0,Greenfield
2371,40.19370460048426,413.0,Greenfield,50.0,182.0,Greenfield
2372,35.08379888268156,1790.0,Greenfield,38.492063492063494,504.0,Greenfield
2375,75.0,4.0,,,,
2379,26.08695652173913,46.0,,75.0,28.0,
2380,18.504213483146067,2848.0,Greenfield,30.870445344129553,988.0,Greenfield
2381,26.498422712933753,317.0,Greenfield,45.535714285714285,112.0,Greenfield
2382,18.64864864864865,370.0,Greenfield,33.52601156069364,173.0,Greenfield
2385,100.0,1.0,,,,
2386,44.827586206896555,58.0,Greenfield,54.166666666666664,24.0,
2387,61.53846153846154,13.0,,100.0,15.0,
2388,17.735042735042736,468.0,Greenfield,26.108374384236452,203.0,Greenfield
2390,24.961948249619482,1971.0,Greenfield,31.49171270718232,724.0,Greenfield
2395,18.055555555555557,216.0,Greenfield,39.02439024390244,82.0,Greenfield
2396,13.714285714285714,175.0,Established,19.402985074626866,67.0,Greenfield
2397,18.333333333333332,60.0,Greenfield,61.53846153846154,26.0,
2398,75.0,8.0,,94.11764705882354,17.0,
2399,22.0,100.0,Greenfield,20.58823529411765,34.0,
2400,15.677061085006407,2341.0,Greenfield,25.718015665796344,766.0,Greenfield
2401,33.898305084745765,59.0,Greenfield,14.285714285714286,14.0,
2402,21.782178217821784,404.0,Greenfield,34.50704225352113,142.0,Greenfield
2403,15.606936416184972,173.0,Greenfield,18.181818181818183,33.0,
2404,23.356009070294785,441.0,Greenfield,35.51401869158879,107.0,Greenfield
2405,24.0,50.0,Greenfield,58.064516129032256,31.0,
2406,8.75912408759124,137.0,Established,22.80701754385965,57.0,Greenfield
2407,100.0,1.0,,,,
2408,4.166666666666667,24.0,,72.72727272727273,11.0,
2409,15.568862275449101,167.0,Greenfield,35.13513513513514,37.0,
2410,23.404255319148938,47.0,,12.121212121212121,33.0,
2411,27.272727272727273,11.0,,40.0,5.0,
2415,41.666666666666664,96.0,Greenfield,30.0,30.0,
2420,24.737344794651385,1047.0,Greenfield,26.073619631901842,326.0,Greenfield
2421,27.12215320910973,483.0,Greenfield,57.95454545454545,176.0,Greenfield
2422,39.150460593654046,1954.0,Greenfield,33.693693693693696,555.0,Greenfield
2423,40.29574861367837,1082.0,Greenfield,33.11897106109325,311.0,Greenfield
2424,35.44973544973545,189.0,Greenfield,47.16981132075472,53.0,Greenfield
2425,34.91773308957953,547.0,Greenfield,44.0,150.0,Greenfield
2426,35.97560975609756,164.0,Greenfield,25.757575757575758,66.0,Greenfield
2427,56.68623613829093,1533.0,Greenfield,43.50877192982456,570.0,Greenfield
2428,29.667630057803468,6920.0,Greenfield,19.502487562189053,2010.0,Greenfield
2429,23.927855711422847,2495.0,Greenfield,17.597087378640776,824.0,Greenfield
2430,30.20347604917338,9436.0,Greenfield,22.35483870967742,3100.0,Greenfield
2431,29.64426877470356,1518.0,Greenfield,23.317307692307693,416.0,Greenfield
2433,81.81818181818181,11.0,,,,
2438,100.0,1.0,,,,
2439,37.985611510791365,695.0,Greenfield,28.38427947598253,229.0,Greenfield
2440,23.74164026751144,5682.0,Greenfield,29.055007052186177,1418.0,Greenfield
2441,27.355072463768117,1656.0,Greenfield,37.65281173594132,409.0,Greenfield
2443,23.066485753052916,2211.0,Greenfield,10.572687224669604,681.0,Established
2444,18.075075609322184,11242.0,Greenfield,22.216414009409306,3826.0,Greenfield
2445,35.819477434679335,2105.0,Greenfield,19.5,600.0,Greenfield
2446,35.01124859392576,3556.0,Greenfield,28.18499127399651,1146.0,Greenfield
2447,32.35294117647059,2006.0,Greenfield,34.41558441558441,616.0,Greenfield
2448,29.533678756476682,2316.0,Greenfield,22.169811320754718,636.0,Greenfield
2449,20.578778135048232,622.0,Greenfield,28.481012658227847,158.0,Greenfield
2450,26.28583255717686,9663.0,Greenfield,26.87620269403464,3118.0,Greenfield
2452,18.72083447707933,3643.0,Greenfield,3.675675675675676,925.0,Established
2453,27.75175644028103,854.0,Greenfield,34.31372549019608,204.0,Greenfield
2454,21.93158953722334,1988.0,Greenfield,20.240137221269297,583.0,Greenfield
2455,14.106145251396647,716.0,Established,12.217194570135746,221.0,Established
2456,31.092220504894385,3882.0,Greenfield,29.211469534050178,1116.0,Greenfield
2460,26.85299187392268,8122.0,Greenfield,21.11463525147259,2207.0,Greenfield
2462,30.75,800.0,Greenfield,30.357142857142858,224.0,Greenfield
2463,39.689578713968956,2706.0,Greenfield,32.09700427960057,701.0,Greenfield
2464,23.949782713664895,2071.0,Greenfield,8.547008547008547,468.0,Established
2465,13.68421052631579,95.0,Established,36.58536585365854,41.0,
2466,21.62962962962963,675.0,Greenfield,11.290322580645162,124.0,Established
2469,47.20496894409938,1449.0,Greenfield,45.65217391304348,414.0,Greenfield
2470,25.941631329508606,4009.0,Greenfield,19.126328217237308,847.0,Greenfield
2471,32.35294117647059,578.0,Greenfield,34.41558441558441,154.0,Greenfield
2472,23.880597014925375,536.0,Greenfield,38.46153846153846,169.0,Greenfield
2473,22.553897180762853,603.0,Greenfield,11.764705882352942,187.0,Established
2474,27.1116361488482,1693.0,Greenfield,22.762148337595907,391.0,Greenfield
2475,41.49659863945578,147.0,Greenfield,50.90909090909091,55.0,Greenfield
2476,26.41509433962264,212.0,Greenfield,35.0,60.0,Greenfield
2477,20.53605134012835,2649.0,Greenfield,22.264150943396228,795.0,Greenfield
2478,26.75680822700438,5251.0,Greenfield,24.85946283572767,1601.0,Greenfield
2479,27.216653816499615,1297.0,Greenfield,29.072681704260653,399.0,Greenfield
2480,21.521700303625646,11198.0,Greenfield,16.468330134357007,2605.0,Greenfield
2481,18.923076923076923,2600.0,Greenfield,16.049382716049383,810.0,Greenfield
2482,15.209665955934613,1407.0,Greenfield,27.966101694915253,472.0,Greenfield
2483,26.837847344354554,2843.0,Greenfield,15.53784860557769,753.0,Greenfield
2484,24.234234234234233,4440.0,Greenfield,24.154209284028322,1271.0,Greenfield
2485,8.946672542970472,2269.0,Established,8.016032064128256,499.0,Established
2486,21.47231096911608,7512.0,Greenfield,10.520023909145248,1673.0,Established
2487,38.698727015558696,3535.0,Greenfield,60.628844839371155,1463.0,Greenfield
2488,14.366197183098592,710.0,Established,13.043478260869565,161.0,Established
2489,61.97026022304833,2690.0,Greenfield,36.36363636363637,616.0,Greenfield
2490,15.508021390374331,187.0,Greenfield,12.195121951219512,41.0,
2500,4.806973848069738,4015.0,Established,4.383561643835616,1460.0,Established
2502,9.941520467836257,1710.0,Established,14.008321775312067,721.0,Established
2505,6.901217861975643,739.0,Established,8.01526717557252,262.0,Established
2506,18.24381926683717,1173.0,Greenfield,18.763796909492275,453.0,Greenfield
2508,15.504807692307692,1664.0,Greenfield,13.344316309719934,607.0,Established
2515,11.713455953533398,2066.0,Established,13.121546961325967,724.0,Established
2516,16.52089407191448,1029.0,Greenfield,22.151898734177216,474.0,Greenfield
2517,13.086642599277978,2216.0,Established,5.994550408719346,734.0,Established
2518,5.714285714285714,2100.0,Established,3.6601307189542482,765.0,Established
2519,4.800358905338717,2229.0,Established,2.9666254635352285,809.0,Established
2520,50.0,2.0,,,,
2522,0.0,1.0,,,,
2524,100.0,1.0,,,,
2525,12.337662337662337,1540.0,Established,21.316165951359086,699.0,Greenfield
2526,10.465595385249278,2427.0,Established,11.71960569550931,913.0,Established
2527,21.529051987767584,4905.0,Greenfield,17.591424968474147,1586.0,Greenfield
2528,3.412553321145643,3282.0,Established,2.2598870056497176,1239.0,Established
2529,36.75496688741722,5436.0,Greenfield,37.77873070325901,2332.0,Greenfield
2530,21.204033214709373,6744.0,Greenfield,31.4046706169397,2869.0,Greenfield
2533,15.570821066404973,3057.0,Greenfield,16.23119556611243,1263.0,Greenfield
2534,28.67132867132867,1287.0,Greenfield,25.54858934169279,638.0,Greenfield
2535,20.838052095130237,1766.0,Greenfield,20.30598052851182,719.0,Greenfield
2536,34.27337398373984,7872.0,Greenfield,22.892876563349645,1839.0,Greenfield
2537,28.43966179861645,3903.0,Greenfield,27.941176470588236,1156.0,Greenfield
2538,35.535714285714285,560.0,Greenfield,41.31274131274131,259.0,Greenfield
2539,25.84981458590853,6472.0,Greenfield,20.449335167354423,2181.0,Greenfield
2540,27.853303825482136,15815.0,Greenfield,19.57894736842105,5225.0,Greenfield
2541,17.669004626175198,6701.0,Greenfield,23.182018510356986,2269.0,Greenfield
2542,100.0,1.0,,,,
2545,43.386243386243386,378.0,Greenfield,32.06106870229008,131.0,Greenfield
2546,29.389312977099237,3406.0,Greenfield,20.700308959835223,971.0,Greenfield
2548,34.37735849056604,2650.0,Greenfield,29.718875502008032,747.0,Greenfield
2549,35.970561177552895,1087.0,Greenfield,33.993399339933994,303.0,Greenfield
2550,36.12521150592217,4728.0,Greenfield,31.136950904392766,1548.0,Greenfield
2551,40.56603773584906,1166.0,Greenfield,29.430379746835442,316.0,Greenfield
2552,0.0,3.0,,,,
2555,67.5,40.0,,44.44444444444444,9.0,
2556,8.275862068965518,145.0,Established,13.978494623655914,93.0,Established
2557,47.151898734177216,316.0,Greenfield,79.17184265010351,2415.0,Greenfield
2558,3.6184210526315788,2128.0,Established,1.455604075691412,687.0,Established
2559,17.142857142857142,105.0,Greenfield,12.5,32.0,
2560,11.005968845537923,13738.0,Established,16.077907198777925,5237.0,Greenfield
2563,33.9622641509434,53.0,Greenfield,11.764705882352942,17.0,
2564,6.611078022632519,1679.0,Established,1.6845329249617151,653.0,Established
2565,12.057991513437058,2828.0,Established,38.61436576668365,1963.0,Greenfield
2566,10.52880075542965,4236.0,Established,31.77788147456836,2143.0,Greenfield
2567,25.980205557670345,10508.0,Greenfield,27.649122807017545,4275.0,Greenfield
2568,62.95025728987993,583.0,Greenfield,21.73913043478261,46.0,
2569,15.96244131455399,213.0,Greenfield,10.0,80.0,Established
2570,31.561514195583594,6340.0,Greenfield,59.95558845299778,6755.0,Greenfield
2571,30.522765598650928,2372.0,Greenfield,48.433242506811986,1468.0,Greenfield
2572,10.206422018348624,872.0,Established,16.50485436893204,309.0,Greenfield
2573,11.54903758020165,1091.0,Established,17.167381974248926,466.0,Greenfield
2574,15.677590788308237,1129.0,Greenfield,15.2317880794702,453.0,Greenfield
2575,20.392050095289953,3673.0,Greenfield,34.026128266033254,1684.0,Greenfield
2576,20.110330992978938,3988.0,Greenfield,10.029069767441861,1376.0,Established
2577,25.50108669403526,4141.0,Greenfield,24.821428571428573,1680.0,Greenfield
2578,34.29368029739777,1076.0,Greenfield,22.660098522167488,406.0,Greenfield
2579,44.937949052906596,1531.0,Greenfield,41.711229946524064,561.0,Greenfield
2580,29.304327594229875,8596.0,Greenfield,29.796048438495855,3138.0,Greenfield
2581,44.031007751937985,645.0,Greenfield,61.03896103896104,385.0,Greenfield
2582,38.43008994276369,3669.0,Greenfield,37.67985611510792,1112.0,Greenfield
2583,44.916540212443095,1318.0,Greenfield,40.476190476190474,462.0,Greenfield
2584,36.25730994152047,171.0,Greenfield,36.58536585365854,82.0,Greenfield
2585,28.125,64.0,Greenfield,58.333333333333336,48.0,
2586,41.584158415841586,909.0,Greenfield,46.706586826347305,334.0,Greenfield
2587,25.174825174825173,858.0,Greenfield,28.308823529411764,272.0,Greenfield
2588,34.84848484848485,66.0,Greenfield,56.0,25.0,
2590,21.197252208047104,2038.0,Greenfield,17.123287671232877,730.0,Greenfield
2594,27.472833658400667,3589.0,Greenfield,24.635036496350367,1096.0,Greenfield
2600,100.0,1.0,,,,
2609,100.0,1.0,,,,
2611,73.33333333333333,15.0,,80.0,5.0,
2612,0.0,1.0,,,,
2618,49.285714285714285,140.0,Greenfield,37.77777777777778,45.0,
2619,34.241019698725374,3452.0,Greenfield,3.7593984962406015,665.0,Established
2620,24.260267922861768,6793.0,Greenfield,37.12,2500.0,Greenfield
2621,46.49122807017544,1824.0,Greenfield,35.05154639175258,582.0,Greenfield
2622,61.542857142857144,1750.0,Greenfield,50.175438596491226,570.0,Greenfield
2623,16.501650165016503,303.0,Greenfield,10.95890410958904,73.0,Established
2624,0.0,2.0,,,,
2625,0.0,1.0,,,,
2626,53.645833333333336,192.0,Greenfield,47.72727272727273,44.0,
2627,49.647390691114246,1418.0,Greenfield,43.401015228426395,394.0,Greenfield
2628,41.75824175824176,637.0,Greenfield,39.53488372093023,172.0,Greenfield
2629,29.41176470588235,51.0,Greenfield,20.238095238095237,84.0,Greenfield
2630,25.541448842419715,2678.0,Greenfield,28.81152460984394,833.0,Greenfield
2631,45.21739130434783,230.0,Greenfield,39.189189189189186,74.0,Greenfield
2632,26.31578947368421,532.0,Greenfield,37.142857142857146,140.0,Greenfield
2633,35.03649635036496,137.0,Greenfield,53.65853658536585,41.0,
2640,27.742346938775512,9408.0,Greenfield,29.288574068370803,3247.0,Greenfield
2641,21.080187379443373,3629.0,Greenfield,27.882797731569,1058.0,Greenfield
2642,41.81818181818182,1210.0,Greenfield,46.171171171171174,444.0,Greenfield
2643,32.35581622678397,1023.0,Greenfield,19.565217391304348,322.0,Greenfield
2644,32.47232472324723,813.0,Greenfield,36.328125,256.0,Greenfield
2645,17.757009345794394,107.0,Greenfield,30.0,40.0,
2646,21.897435897435898,1950.0,Greenfield,29.802513464991023,557.0,Greenfield
2647,39.648173207036535,739.0,Greenfield,29.77777777777778,225.0,Greenfield
2648,18.56,625.0,Greenfield,18.09045226130653,199.0,Greenfield
2649,12.5,8.0,,16.666666666666668,6.0,
2650,20.757479312539783,15710.0,Greenfield,22.34709314890858,4627.0,Greenfield
2651,22.413793103448278,580.0,Greenfield,34.63687150837989,179.0,Greenfield
2652,26.24390243902439,1025.0,Greenfield,36.36363636363637,341.0,Greenfield
2653,32.49336870026525,754.0,Greenfield,30.845771144278608,201.0,Greenfield
2655,23.68421052631579,342.0,Greenfield,20.454545454545453,88.0,Greenfield
2656,26.363636363636363,330.0,Greenfield,43.43434343434343,99.0,Greenfield
2658,23.9010989010989,364.0,Greenfield,26.785714285714285,112.0,Greenfield
2659,27.23404255319149,235.0,Greenfield,21.666666666666668,60.0,Greenfield
2660,27.168949771689498,438.0,Greenfield,20.32520325203252,123.0,Greenfield
2661,86.66666666666667,15.0,,,,
2663,22.945205479452056,1168.0,Greenfield,22.61640798226164,451.0,Greenfield
2665,18.52731591448931,421.0,Greenfield,20.945945945945947,148.0,Greenfield
2666,27.756410256410255,1560.0,Greenfield,26.97768762677485,493.0,Greenfield
2668,9.21985815602837,141.0,Established,7.547169811320755,53.0,Established
2669,14.909090909090908,275.0,Established,17.171717171717173,99.0,Greenfield
2671,22.18045112781955,1064.0,Greenfield,22.22222222222222,288.0,Greenfield
2672,24.0,300.0,Greenfield,23.300970873786408,103.0,Greenfield
2675,23.711340206185568,291.0,Greenfield,19.767441860465116,86.0,Greenfield
2678,0.0,1.0,,,,
2680,33.48338692390139,4665.0,Greenfield,25.651577503429355,1458.0,Greenfield
2681,10.434782608695652,230.0,Established,10.76923076923077,65.0,Established
2700,16.929133858267715,1270.0,Greenfield,14.759036144578314,332.0,Established
2701,32.62987012987013,616.0,Greenfield,38.24884792626728,217.0,Greenfield
2702,25.77777777777778,225.0,Greenfield,26.31578947368421,76.0,Greenfield
2703,8.974358974358974,156.0,Established,3.3333333333333335,30.0,
2705,23.988005997001498,2001.0,Greenfield,29.052969502407706,623.0,Greenfield
2706,32.84023668639053,338.0,Greenfield,23.28767123287671,73.0,Greenfield
2707,28.855721393034827,201.0,Greenfield,25.58139534883721,43.0,
2710,20.534165799514394,2883.0,Greenfield,16.43132220795892,779.0,Greenfield
2711,19.41638608305275,891.0,Greenfield,21.283783783783782,296.0,Greenfield
2712,23.116883116883116,385.0,Greenfield,24.8,125.0,Greenfield
2713,17.2106824925816,674.0,Greenfield,13.215859030837004,227.0,Established
2714,47.315741583257505,1099.0,Greenfield,44.03669724770642,327.0,Greenfield
2715,22.591362126245848,301.0,Greenfield,23.25581395348837,86.0,Greenfield
2716,16.974169741697416,271.0,Greenfield,43.47826086956522,92.0,Greenfield
2717,21.428571428571427,252.0,Greenfield,15.277777777777779,72.0,Greenfield
2720,25.87309394982784,2033.0,Greenfield,27.941176470588236,680.0,Greenfield
2721,9.090909090909092,66.0,Established,45.714285714285715,35.0,
2722,29.864864864864863,740.0,Greenfield,37.68115942028985,207.0,Greenfield
2725,23.762376237623762,101.0,Greenfield,13.88888888888889,36.0,
2726,27.11864406779661,59.0,Greenfield,62.96296296296296,27.0,
2727,37.142857142857146,35.0,,58.333333333333336,12.0,
2729,35.677083333333336,384.0,Greenfield,30.97345132743363,113.0,Greenfield
2730,17.17948717948718,390.0,Greenfield,17.54385964912281,114.0,Greenfield
2731,43.59408033826639,2365.0,Greenfield,43.70860927152318,755.0,Greenfield
2732,35.602094240837694,573.0,Greenfield,31.35135135135135,185.0,Greenfield
2733,27.528089887640448,178.0,Greenfield,30.985915492957748,71.0,Greenfield
2734,80.0,15.0,,36.666666666666664,30.0,
2735,11.538461538461538,26.0,,30.0,20.0,
2736,18.01801801801802,111.0,Greenfield,14.705882352941176,34.0,
2737,37.688442211055275,199.0,Greenfield,20.930232558139537,86.0,Greenfield
2738,57.19063545150502,598.0,Greenfield,39.436619718309856,213.0,Greenfield
2739,39.90267639902677,411.0,Greenfield,44.680851063829785,141.0,Greenfield
2745,15.286515898656692,5881.0,Greenfield,36.0392798690671,3055.0,Greenfield
2747,8.333333333333334,5604.0,Established,46.07779926928863,4653.0,Greenfield
2748,25.443786982248522,169.0,Greenfield,19.23076923076923,78.0,Greenfield
2749,13.9618138424821,3352.0,Established,14.996682149966821,1507.0,Established
2750,4.400440044004401,7272.0,Established,14.109347442680775,2835.0,Established
2751,0.0,2.0,,,,
2752,15.311004784688995,1045.0,Greenfield,14.066496163682864,391.0,Established
2753,9.940159574468085,3008.0,Established,9.749303621169917,1077.0,Established
2754,7.423580786026201,916.0,Established,22.139303482587064,402.0,Greenfield
2756,11.614436358235556,6733.0,Established,22.904411764705884,2720.0,Greenfield
2757,7.586206896551724,145.0,Established,1.694915254237288,59.0,Established
2758,20.323182100683656,1609.0,Greenfield,17.37891737891738,702.0,Greenfield
2759,2.9844097995545655,4490.0,Established,2.624495289367429,1486.0,Established
2760,13.607655502392344,5225.0,Established,29.68553459119497,3180.0,Greenfield
2761,11.840937333570034,5633.0,Established,43.949730700179536,2785.0,Greenfield
2762,12.063492063492063,630.0,Established,73.47391786903441,1802.0,Greenfield
2763,11.47927135678392,6368.0,Established,3.6492374727668846,1836.0,Established
2764,0.0,3.0,,,,
2765,27.638780297107115,2558.0,Greenfield,59.35268919562113,2101.0,Greenfield
2766,15.006821282401091,2199.0,Greenfield,14.628297362110311,834.0,Established
2767,9.697774825639323,3011.0,Established,42.55813953488372,1720.0,Greenfield
2768,25.28996469994957,7932.0,Greenfield,7.618540223761321,1877.0,Established
2769,75.83333333333333,1320.0,Greenfield,62.22459132906894,2814.0,Greenfield
2770,5.582324597485016,8509.0,Established,2.719946272666219,2978.0,Established
2771,0.0,1.0,,,,
2773,3.238095238095238,1050.0,Established,3.380281690140845,355.0,Established
2774,7.015250544662309,2295.0,Established,4.866743916570104,863.0,Established
2775,33.84615384615385,715.0,Greenfield,36.95652173913044,230.0,Greenfield
2776,12.008733624454148,916.0,Established,9.539473684210526,304.0,Established
2777,7.244619581691421,3299.0,Established,7.950530035335689,1132.0,Established
2778,13.628899835796387,609.0,Established,8.290155440414507,193.0,Established
2779,11.75523349436393,1242.0,Established,14.976958525345623,434.0,Established
2780,11.971990060989384,4427.0,Established,13.167701863354038,1610.0,Established
2782,13.141361256544503,1910.0,Established,11.789181692094314,721.0,Established
2783,14.790575916230367,764.0,Established,15.833333333333334,240.0,Greenfield
2784,19.49367088607595,395.0,Greenfield,26.28205128205128,156.0,Greenfield
2785,12.12733703890854,1979.0,Established,15.970149253731343,670.0,Greenfield
2786,28.79746835443038,632.0,Greenfield,27.722772277227723,202.0,Greenfield
2787,35.8768406961178,1494.0,Greenfield,33.10502283105023,438.0,Greenfield
2790,25.74519761536763,4529.0,Greenfield,20.196353436185134,1426.0,Greenfield
2791,34.905660377358494,106.0,Greenfield,36.111111111111114,36.0,
2792,38.16793893129771,131.0,Greenfield,51.515151515151516,33.0,
2793,52.87846481876333,469.0,Greenfield,50.306748466257666,163.0,Greenfield
2794,21.327683615819208,2832.0,Greenfield,19.466403162055336,1012.0,Greenfield
2795,29.325842696629213,11570.0,Greenfield,28.38801711840228,4206.0,Greenfield
2797,48.63013698630137,146.0,Greenfield,27.45098039215686,51.0,Greenfield
2798,37.03007518796993,532.0,Greenfield,36.61971830985915,213.0,Greenfield
2799,32.29252259654889,1217.0,Greenfield,36.3395225464191,377.0,Greenfield
2800,24.278572055082886,11401.0,Greenfield,32.146204311152765,4268.0,Greenfield
2803,42.69662921348315,89.0,Greenfield,68.18181818181819,44.0,
2804,37.96423658872077,727.0,Greenfield,39.59183673469388,245.0,Greenfield
2805,48.0,150.0,Greenfield,35.714285714285715,42.0,
2806,22.38095238095238,210.0,Greenfield,28.571428571428573,70.0,Greenfield
2807,40.0,150.0,Greenfield,53.333333333333336,60.0,Greenfield
2808,52.747252747252745,91.0,Greenfield,61.702127659574465,47.0,
2809,17.80821917808219,73.0,Greenfield,29.41176470588235,17.0,
2810,30.648769574944073,894.0,Greenfield,36.206896551724135,290.0,Greenfield
2817,100.0,1.0,,,,
2818,,,,29.310344827586206,58.0,Greenfield
2820,16.887579774177713,2037.0,Greenfield,20.338983050847457,590.0,Greenfield
2821,21.285140562248998,1245.0,Greenfield,23.098591549295776,355.0,Greenfield
2823,14.444444444444445,270.0,Established,21.62162162162162,74.0,Greenfield
2824,21.07843137254902,408.0,Greenfield,20.74468085106383,188.0,Greenfield
2825,14.615384615384615,650.0,Established,26.573426573426573,143.0,Greenfield
2826,,,,66.66666666666667,12.0,
2827,19.674039580908033,859.0,Greenfield,23.904382470119522,251.0,Greenfield
2828,19.463087248322147,149.0,Greenfield,29.850746268656717,67.0,Greenfield
2829,10.146862483311082,749.0,Established,12.595419847328245,262.0,Established
2830,20.471064495353758,10869.0,Greenfield,27.369992535456582,4019.0,Greenfield
2831,30.523627075351214,783.0,Greenfield,41.228070175438596,228.0,Greenfield
2832,12.9973474801061,377.0,Established,24.031007751937985,129.0,Greenfield
2833,12.941176470588236,85.0,Established,35.08771929824562,57.0,Greenfield
2834,16.537467700258397,387.0,Greenfield,9.03225806451613,155.0,Established
2835,21.971830985915492,1420.0,Greenfield,17.515923566878982,314.0,Greenfield
2836,18.367346938775512,98.0,Greenfield,32.0,25.0,
2837,100.0,1.0,,,,
2838,,,,75.0,4.0,
2839,17.91907514450867,173.0,Greenfield,23.214285714285715,56.0,Greenfield
2840,16.0427807486631,561.0,Greenfield,20.0,200.0,Greenfield
2842,21.12676056338028,142.0,Greenfield,26.229508196721312,61.0,Greenfield
2843,24.6119733924612,451.0,Greenfield,27.358490566037737,106.0,Greenfield
2844,23.472668810289388,311.0,Greenfield,28.26086956521739,92.0,Greenfield
2845,35.741444866920155,526.0,Greenfield,41.20879120879121,182.0,Greenfield
2846,42.76729559748428,159.0,Greenfield,56.25,32.0,
2847,26.40990371389271,727.0,Greenfield,20.0,215.0,Greenfield
2848,14.171974522292993,628.0,Established,31.30841121495327,214.0,Greenfield
2849,38.37638376383764,542.0,Greenfield,41.70854271356784,199.0,Greenfield
2850,32.280565781825224,5161.0,Greenfield,34.29844097995546,2245.0,Greenfield
2852,24.89669421487603,968.0,Greenfield,24.307692307692307,325.0,Greenfield
2864,27.906976744186046,215.0,Greenfield,35.61643835616438,73.0,Greenfield
2865,26.08695652173913,184.0,Greenfield,38.80597014925373,67.0,Greenfield
2866,28.450704225352112,710.0,Greenfield,30.0,250.0,Greenfield
2867,19.801980198019802,101.0,Greenfield,38.095238095238095,42.0,
2868,14.965986394557824,147.0,Established,6.0606060606060606,33.0,
2869,17.05685618729097,299.0,Greenfield,25.0,96.0,Greenfield
2870,23.362631131273037,3527.0,Greenfield,20.78754578754579,1092.0,Greenfield
2871,15.670995670995671,2310.0,Greenfield,22.263681592039802,804.0,Greenfield
2873,15.315315315315315,111.0,Greenfield,28.846153846153847,52.0,Greenfield
2874,16.483516483516482,91.0,Greenfield,19.23076923076923,26.0,
2875,17.058823529411764,170.0,Greenfield,30.555555555555557,72.0,Greenfield
2876,29.487179487179485,78.0,Greenfield,50.0,34.0,
2877,16.06905710491368,753.0,Greenfield,19.718309859154928,284.0,Greenfield
2878,17.5,40.0,,6.25,16.0,
2879,8.02139037433155,187.0,Established,3.3333333333333335,60.0,Established
2880,6.720867208672087,5535.0,Established,6.797477224947442,1427.0,Established
2885,100.0,1.0,,,,
2887,0.0,1.0,,,,
2906,100.0,1.0,,,,
2950,100.0,1.0,,,,
3175,0.0,1.0,,,,
3465,0.0,1.0,,,,
3502,0.0,1.0,,,,
3585,58.333333333333336,96.0,Greenfield,,,
3644,42.24924012158055,658.0,Greenfield,38.983050847457626,177.0,Greenfield
3691,0.0,14.0,,0.0,2.0,
3707,0.0,1.0,,100.0,1.0,
3732,100.0,1.0,,,,
4211,100.0,1.0,,,,
4375,33.333333333333336,3.0,,66.66666666666667,3.0,
4377,16.666666666666668,6.0,,80.0,15.0,
4380,,,,66.66666666666667,6.0,
4383,25.0,8.0,,43.47826086956522,23.0,
4385,75.0,8.0,,50.0,4.0,
4400,0.0,1.0,,,,
5871,0.0,2.0,,,,
8830,0.0,1.0,,,,
