postcode,locality,sa4,dist_cbd,dist_train,dist_metro,dist_metro_new
2000,BARANGAROO,Sydney - City and Inner South,3.93,2.49,9.49,24.43
2006,THE UNIVERSITY OF SYDNEY,Sydney - City and Inner South,3.1,0.85,10.24,22.18
2007,BROADWAY,Sydney - City and Inner South,1.98,0.71,9.67,22.3
2008,CHIPPENDALE,Sydney - City and Inner South,2.86,0.47,10.51,22.79
2009,DARLING ISLAND,Sydney - City and Inner South,1.52,0.12,8.3,21.12
2010,DARLINGHURST,Sydney - City and Inner South,1.73,0.42,10.08,23.39
2011,ELIZABETH BAY,Sydney - City and Inner South,1.26,0.09,9.28,23.23
2015,ALEXANDRIA,Sydney - City and Inner South,4.78,0.86,12.62,24.47
2016,REDFERN,Sydney - City and Inner South,2.92,0.75,11.11,23.86
2017,WATERLOO,Sydney - City and Inner South,3.78,0.49,11.96,24.5
2018,EASTLAKES,Sydney - City and Inner South,6.09,1.41,14.16,26.07
2019,BANKSMEADOW,Sydney - City and Inner South,8.69,2.88,16.82,28.45
2020,MASCOT,Sydney - City and Inner South,7.8,0.15,15.31,26.01
2021,CENTENNIAL PARK,Sydney - Eastern Suburbs,3.42,0.59,11.75,25.27
2022,BONDI JUNCTION,Sydney - Eastern Suburbs,4.51,0.65,12.51,26.53
2023,BELLEVUE HILL,Sydney - Eastern Suburbs,4.65,1.01,11.93,26.45
2024,BRONTE,Sydney - Eastern Suburbs,6.09,1.78,13.94,28.11
2025,WOOLLAHRA,Sydney - Eastern Suburbs,3.63,0.78,11.56,25.65
2026,BEN BUCKLER,Sydney - Eastern Suburbs,6.04,1.9,13.22,27.84
2027,DARLING POINT,Sydney - Eastern Suburbs,3.8,1.73,10.24,25.0
2028,DOUBLE BAY,Sydney - Eastern Suburbs,3.11,0.45,10.59,24.94
2029,ROSE BAY,Sydney - Eastern Suburbs,5.38,2.44,11.8,26.67
2030,DIAMOND BAY,Sydney - Eastern Suburbs,6.26,4.33,11.1,26.31
2031,CLOVELLY,Sydney - Eastern Suburbs,5.81,0.3,14.12,27.57
2032,DACEYVILLE,Sydney - Eastern Suburbs,6.97,1.89,15.32,27.9
2033,KENSINGTON,Sydney - Eastern Suburbs,4.81,1.19,13.16,25.98
2034,COOGEE,Sydney - Eastern Suburbs,7.79,1.72,16.07,29.53
2035,MAROUBRA,Sydney - Eastern Suburbs,9.04,3.17,17.42,30.24
2036,CHIFLEY,Sydney - Eastern Suburbs,11.52,5.84,19.88,32.14
2037,FOREST LODGE,Sydney - City and Inner South,2.62,0.43,9.23,21.3
2038,ANNANDALE,Sydney - Inner West,3.88,0.97,9.44,20.57
2039,ROZELLE,Sydney - Inner West,3.46,0.53,7.83,19.45
2040,LEICHHARDT,Sydney - Inner West,4.97,0.47,9.34,19.57
2041,BALMAIN,Sydney - Inner West,2.93,1.48,6.82,19.27
2042,ENMORE,Sydney - City and Inner South,4.73,0.45,11.51,22.55
2043,ERSKINEVILLE,Sydney - City and Inner South,4.48,0.39,11.83,23.32
2044,ST PETERS,Sydney - City and Inner South,6.68,0.84,13.72,24.2
2045,HABERFIELD,Sydney - Inner West,6.62,0.78,9.42,18.68
2046,ABBOTSFORD,Sydney - Inner West,6.97,1.95,7.95,17.2
2047,DRUMMOYNE,Sydney - Inner West,4.35,2.1,6.46,17.98
2048,STANMORE,Sydney - Inner West,4.92,0.14,10.87,21.44
2049,LEWISHAM,Sydney - Inner West,6.25,0.52,11.46,20.97
2050,CAMPERDOWN,Sydney - City and Inner South,3.9,0.88,10.37,21.67
2055,NORTH SYDNEY,Sydney - North Sydney and Hornsby,12.11,1.44,2.91,9.99
2060,HMAS PLATYPUS,Sydney - North Sydney and Hornsby,3.25,0.3,5.22,19.66
2061,KIRRIBILLI,Sydney - North Sydney and Hornsby,2.24,0.33,6.42,20.83
2062,CAMMERAY,Sydney - North Sydney and Hornsby,5.12,1.71,4.07,19.25
2063,NORTHBRIDGE,Sydney - North Sydney and Hornsby,6.27,2.21,3.56,18.91
2064,ARTARMON,Sydney - North Sydney and Hornsby,6.61,0.53,1.8,16.43
2065,CROWS NEST,Sydney - North Sydney and Hornsby,4.75,0.47,3.63,18.1
2066,LANE COVE,Sydney - North Sydney and Hornsby,7.15,2.46,3.02,15.02
2067,CHATSWOOD,Sydney - North Sydney and Hornsby,8.38,0.38,0.38,15.09
2068,CASTLECRAG,Sydney - North Sydney and Hornsby,7.7,1.91,2.0,17.27
2069,CASTLE COVE,Sydney - North Sydney and Hornsby,9.93,1.69,2.31,15.88
2070,EAST LINDFIELD,Sydney - North Sydney and Hornsby,10.75,0.86,2.56,12.99
2071,EAST KILLARA,Sydney - North Sydney and Hornsby,12.62,1.57,4.31,13.61
2072,GORDON,Sydney - North Sydney and Hornsby,13.72,0.17,4.1,11.4
2073,PYMBLE,Sydney - North Sydney and Hornsby,14.39,1.77,2.49,9.39
2074,BOBBIN HEAD,Sydney - Ryde,16.83,0.55,4.71,8.51
2075,NORTH ST IVES,Sydney - North Sydney and Hornsby,16.6,3.3,7.49,12.62
2076,NORMANHURST,Sydney - North Sydney and Hornsby,19.18,0.39,6.96,8.15
2077,ASQUITH,Sydney - North Sydney and Hornsby,22.22,1.05,7.86,7.86
2079,MOUNT COLAH,Sydney - North Sydney and Hornsby,24.19,0.56,10.8,10.8
2080,MOUNT KURING-GAI,Sydney - North Sydney and Hornsby,24.2,0.79,13.45,13.54
2081,BEROWRA,Sydney - North Sydney and Hornsby,28.22,0.44,17.02,17.02
2082,BEROWRA CREEK,Sydney - North Sydney and Hornsby,35.02,4.25,23.22,23.22
2083,BAR POINT,Sydney - North Sydney and Hornsby,38.45,4.02,28.1,28.1
2084,AKUNA BAY,Sydney - Northern Beaches,24.23,6.66,16.59,19.6
2085,BELROSE,Sydney - Northern Beaches,15.57,6.1,8.12,16.67
2086,FRENCHS FOREST,Sydney - Northern Beaches,13.13,5.98,6.73,18.34
2087,FORESTVILLE,Sydney - Northern Beaches,11.42,3.65,4.41,16.85
2088,MOSMAN,Sydney - North Sydney and Hornsby,5.28,3.35,6.86,22.17
2089,KURRABA POINT,Sydney - North Sydney and Hornsby,3.41,0.97,5.83,20.71
2090,CREMORNE,Sydney - North Sydney and Hornsby,4.61,1.97,5.25,20.44
2092,SEAFORTH,Sydney - Northern Beaches,8.57,5.27,5.62,20.53
2093,BALGOWLAH,Sydney - Northern Beaches,9.54,6.76,7.13,21.84
2094,FAIRLIGHT,Sydney - Northern Beaches,10.09,7.92,8.52,23.25
2095,MANLY,Sydney - Northern Beaches,9.87,8.35,10.7,25.83
2096,CURL CURL,Sydney - Northern Beaches,12.43,9.84,9.88,23.82
2097,COLLAROY,Sydney - Northern Beaches,16.63,12.15,12.56,24.5
2099,CROMER,Sydney - Northern Beaches,14.85,10.24,10.61,22.99
2100,ALLAMBIE,Sydney - Northern Beaches,12.23,7.66,7.88,21.16
2101,ELANORA HEIGHTS,Sydney - Northern Beaches,18.86,12.02,13.03,22.38
2102,WARRIEWOOD,Sydney - Northern Beaches,21.24,14.78,15.76,24.8
2103,MONA VALE,Sydney - Northern Beaches,22.77,15.19,17.28,25.87
2104,BAYVIEW,Sydney - Northern Beaches,23.89,13.56,17.88,25.27
2105,CHURCH POINT,Sydney - Northern Beaches,26.29,11.14,19.73,25.26
2106,NEWPORT,Sydney - Northern Beaches,25.1,15.03,19.57,27.5
2107,AVALON,Sydney - Northern Beaches,28.07,13.24,22.34,29.26
2108,COASTERS RETREAT,Sydney - Northern Beaches,31.28,10.91,25.19,30.72
2110,HUNTERS HILL,Sydney - Ryde,6.64,3.99,4.73,15.49
2111,BORONIA PARK,Sydney - Ryde,8.94,3.46,4.12,13.45
2112,DENISTONE EAST,Sydney - Ryde,10.98,1.7,3.66,11.37
2113,BLENHEIM ROAD,Sydney - Ryde,11.05,0.71,0.71,11.12
2114,DENISTONE,Sydney - Ryde,13.22,0.7,4.26,9.58
2115,ERMINGTON,Sydney - Parramatta,15.13,2.7,4.93,8.88
2116,RYDALMERE,Sydney - Parramatta,17.03,0.83,6.22,8.65
2117,DUNDAS,Sydney - Parramatta,17.37,0.33,4.56,6.79
2118,CARLINGFORD,Sydney - Ryde,18.49,0.83,3.56,4.46
2119,BEECROFT,Sydney - Ryde,18.4,0.73,2.52,3.66
2120,PENNANT HILLS,Sydney - Ryde,19.79,0.44,3.92,3.92
2121,EPPING,Sydney - Ryde,15.93,0.24,0.24,6.1
2122,EASTWOOD,Sydney - Ryde,13.83,0.91,2.28,8.25
2125,WEST PENNANT HILLS,Sydney - Ryde,20.87,1.77,1.77,1.77
2126,CHERRYBROOK,Sydney - Ryde,22.12,1.73,1.73,1.73
2127,HOMEBUSH BAY,Sydney - Parramatta,12.76,0.59,7.87,12.49
2128,SILVERWATER,Sydney - Parramatta,15.37,2.02,7.71,11.13
2130,SUMMER HILL,Sydney - Inner West,7.28,0.38,10.92,19.84
2131,ASHFIELD,Sydney - Inner West,8.15,0.16,10.42,18.82
2132,CROYDON,Sydney - Inner West,8.98,0.19,10.03,17.87
2133,CROYDON PARK,Sydney - Inner West,10.44,1.3,12.05,19.16
2134,BURWOOD,Sydney - Inner West,10.01,0.38,10.07,17.2
2135,STRATHFIELD,Sydney - Inner West,11.58,1.36,10.79,16.78
2136,BURWOOD HEIGHTS,Sydney - Inner West,11.54,2.3,11.88,18.13
2137,BREAKFAST POINT,Sydney - Inner West,9.83,1.44,7.67,14.99
2138,CONCORD WEST,Sydney - Inner West,11.65,0.41,7.3,13.01
2140,HOMEBUSH,Sydney - Inner West,13.33,1.28,7.0,11.52
2141,BERALA,Sydney - Parramatta,15.2,0.98,11.61,15.15
2142,BLAXCELL,Sydney - Parramatta,18.25,0.13,9.36,11.19
2143,BIRRONG,Sydney - Parramatta,17.26,0.25,13.65,16.56
2144,AUBURN,Sydney - Parramatta,16.96,0.63,10.16,12.82
2145,CONSTITUTION HILL,Sydney - Parramatta,23.96,1.1,8.51,8.51
2146,OLD TOONGABBIE,Sydney - Parramatta,24.71,0.79,6.11,6.11
2147,KINGS LANGLEY,Sydney - Blacktown,27.73,0.91,4.01,4.01
2148,ARNDELL PARK,Sydney - South West,30.05,1.83,7.15,7.15
2150,HARRIS PARK,Sydney - Parramatta,19.68,0.37,8.37,8.96
2151,NORTH PARRAMATTA,Sydney - Parramatta,20.32,2.64,5.88,5.88
2152,NORTHMEAD,Sydney - Parramatta,21.88,2.99,5.74,5.74
2153,BAULKHAM HILLS,Sydney - Parramatta,27.04,0.28,0.28,0.28
2154,CASTLE HILL,Sydney - Baulkham Hills and Hawkesbury,24.51,0.58,0.58,0.58
2155,BEAUMONT HILLS,Sydney - Blacktown,30.1,1.0,1.0,1.0
2156,ANNANGROVE,Sydney - Baulkham Hills and Hawkesbury,32.03,6.06,6.06,6.06
2157,CANOELANDS,Sydney - Baulkham Hills and Hawkesbury,35.87,11.73,11.73,11.73
2158,DURAL,Sydney - Baulkham Hills and Hawkesbury,25.61,5.41,5.41,5.41
2159,ARCADIA,Sydney - Baulkham Hills and Hawkesbury,38.44,10.1,22.49,22.49
2160,MERRYLANDS,Sydney - Parramatta,21.8,1.45,11.34,11.34
2161,GUILDFORD,Sydney - Parramatta,20.86,0.45,13.14,13.9
2162,CHESTER HILL,Sydney - Parramatta,19.01,0.34,14.25,16.52
2163,CARRAMAR,Sydney - Parramatta,21.32,0.73,15.86,17.05
2164,SMITHFIELD,Sydney - South West,30.47,7.5,13.98,13.98
2165,FAIRFIELD,Sydney - South West,24.17,0.87,15.41,15.41
2166,CABRAMATTA,Sydney - South West,25.98,0.91,17.87,17.87
2167,GLENFIELD,Sydney - Outer South West,31.59,0.26,27.27,27.27
2168,ASHCROFT,Sydney - South West,31.27,4.87,21.56,21.56
2170,CASULA,Sydney - South West,27.25,0.68,21.94,21.94
2171,CARNES HILL,Sydney - South West,28.72,1.37,23.17,23.17
2172,PLEASURE POINT,Sydney - South West,28.45,0.52,24.45,24.45
2173,HOLSWORTHY,Sydney - South West,35.15,8.32,36.72,37.99
2175,HORSLEY PARK,Sydney - South West,33.45,8.17,15.5,15.5
2176,ABBOTSBURY,Sydney - South West,29.92,5.56,16.63,16.63
2177,BONNYRIGG,Sydney - South West,30.36,5.28,18.95,18.95
2178,CECIL PARK,Sydney - South West,34.27,9.28,18.78,18.78
2179,AUSTRAL,Sydney - South West,37.36,2.4,25.61,25.61
2190,CHULLORA,Sydney - Inner West,14.91,2.63,14.03,18.1
2191,BELFIELD,Sydney - Inner West,12.18,1.19,13.38,19.56
2192,BELMORE,Sydney - Inner South West,12.48,0.44,14.75,21.18
2193,ASHBURY,Sydney - Inner West,9.38,0.26,12.96,20.99
2194,CAMPSIE,Sydney - Inner West,11.31,0.81,14.08,21.13
2195,LAKEMBA,Sydney - Inner South West,13.62,0.35,15.35,21.14
2196,PUNCHBOWL,Sydney - Inner South West,15.55,0.56,16.78,21.64
2197,BASS HILL,Sydney - Parramatta,19.82,1.96,16.24,18.55
2198,GEORGES HALL,Sydney - Inner South West,21.06,3.03,17.51,19.5
2199,YAGOONA,Sydney - Inner South West,17.66,0.24,15.73,18.8
2200,BANKSTOWN,Sydney - Inner South West,19.32,2.26,18.24,21.14
2203,DULWICH HILL,Sydney - Inner West,7.6,0.04,12.21,21.12
2204,MARRICKVILLE,Sydney - Inner West,6.93,0.28,13.01,22.63
2205,ARNCLIFFE,Sydney - Inner South West,9.51,0.11,15.9,24.78
2206,CLEMTON PARK,Sydney - Inner West,10.21,0.64,14.68,22.68
2207,BARDWELL PARK,Sydney - Inner South West,12.15,1.35,17.23,24.93
2208,KINGSGROVE,Sydney - Inner South West,13.15,0.36,16.87,23.7
2209,BEVERLY HILLS,Sydney - Inner South West,15.25,0.45,18.13,23.96
2210,LUGARNO,Sydney - Inner South West,17.67,0.86,19.96,24.82
2211,PADSTOW,Sydney - Inner South West,19.31,1.06,20.95,24.98
2212,REVESBY,Sydney - Inner South West,19.98,0.59,20.38,23.47
2213,EAST HILLS,Sydney - Inner South West,22.2,1.09,22.65,25.48
2214,MILPERRA,Sydney - South West,22.51,2.1,20.92,23.07
2216,BANKSIA,Sydney - Inner South West,11.23,1.03,17.89,26.57
2217,BEVERLEY PARK,Sydney - Inner South West,13.35,1.49,19.99,28.27
2218,ALLAWAH,Sydney - Inner South West,14.37,0.46,19.95,27.46
2219,DOLLS POINT,Sydney - Inner South West,15.88,3.25,22.47,30.36
2220,HURSTVILLE,Sydney - Inner South West,14.73,0.06,19.43,26.38
2221,BLAKEHURST,Sydney - Inner South West,16.7,2.61,22.17,29.22
2222,PENSHURST,Sydney - Inner South West,15.68,0.4,19.54,25.82
2223,MORTDALE,Sydney - Inner South West,17.73,0.66,21.53,27.34
2224,KANGAROO POINT,Sydney - Sutherland,18.91,2.5,24.58,31.47
2225,CARAVAN HEAD,Sydney - Sutherland,18.17,1.99,23.02,29.45
2226,BONNET BAY,Sydney - Sutherland,20.6,0.67,24.84,30.46
2227,GYMEA,Sydney - Sutherland,23.17,1.66,28.8,35.17
2228,MIRANDA,Sydney - Sutherland,21.25,0.18,27.24,34.08
2229,CARINGBAH,Sydney - Sutherland,22.28,1.49,29.0,36.32
2230,BUNDEENA,Sydney - Sutherland,24.71,3.23,32.07,39.88
2231,KURNELL,Sydney - Sutherland,17.98,4.83,25.9,35.86
2232,AUDLEY,Sydney - Sutherland,26.7,4.61,32.44,38.56
2233,ENGADINE,Sydney - Sutherland,32.04,3.48,37.0,42.03
2234,ALFORDS POINT,Sydney - Sutherland,25.44,4.98,28.12,31.82
2250,BUCKETTY,Sydney - Baulkham Hills and Hawkesbury,60.15,15.9,47.5,47.5
2251,AVOCA BEACH,Central Coast,46.54,7.28,40.56,44.46
2256,BLACKWALL,Central Coast,44.45,0.8,37.69,39.62
2257,BOOKER BAY,Central Coast,41.65,6.08,35.61,39.81
2258,FOUNTAINDALE,Central Coast,60.84,3.84,53.36,53.36
2259,ALISON,Newcastle and Lake Macquarie,75.45,6.42,67.82,67.82
2260,ERINA HEIGHTS,Central Coast,53.62,7.85,47.66,51.06
2261,BATEAU BAY,Central Coast,68.02,9.37,62.2,65.23
2262,BLUE HAVEN,Central Coast,79.66,5.63,73.52,75.35
2263,CANTON BEACH,Central Coast,72.43,10.82,66.72,69.9
2264,BALCOLYN,Newcastle and Lake Macquarie,89.93,3.97,83.47,84.13
2265,COORANBONG,Newcastle and Lake Macquarie,88.01,7.24,79.55,79.55
2267,WANGI WANGI,Newcastle and Lake Macquarie,93.94,8.47,87.73,89.04
2278,BARNSLEY,Newcastle and Lake Macquarie,109.97,3.35,103.4,103.4
2280,BELMONT,Newcastle and Lake Macquarie,103.38,7.61,97.35,98.96
2281,BLACKSMITHS,Newcastle and Lake Macquarie,95.78,14.29,89.98,92.31
2282,ELEEBANA,Newcastle and Lake Macquarie,106.26,4.65,100.08,101.26
2283,ARCADIA VALE,Newcastle and Lake Macquarie,100.29,2.85,93.82,94.24
2284,ARGENTON,Newcastle and Lake Macquarie,108.75,1.21,102.36,102.89
2285,CAMERON PARK,Newcastle and Lake Macquarie,111.81,1.39,105.52,106.26
2286,HOLMESVILLE,Newcastle and Lake Macquarie,109.33,7.95,101.71,101.71
2287,BIRMINGHAM GARDENS,Newcastle and Lake Macquarie,116.2,4.7,109.85,110.39
2289,ADAMSTOWN,Newcastle and Lake Macquarie,112.39,1.39,106.39,107.94
2290,BENNETTS GREEN,Newcastle and Lake Macquarie,108.72,4.81,102.81,104.63
2291,MEREWETHER,Newcastle and Lake Macquarie,113.43,2.86,107.59,109.52
2292,BROADMEADOW,Newcastle and Lake Macquarie,115.3,1.13,109.39,111.14
2293,MARYVILLE,Newcastle and Lake Macquarie,117.25,0.59,111.36,113.15
2294,CARRINGTON,Newcastle and Lake Macquarie,117.96,1.2,112.12,114.03
2295,FERN BAY,Newcastle and Lake Macquarie,123.0,6.35,117.21,119.19
2296,ISLINGTON,Newcastle and Lake Macquarie,117.12,0.35,111.19,112.87
2297,TIGHES HILL,Newcastle and Lake Macquarie,117.93,1.04,112.01,113.68
2298,GEORGETOWN,Newcastle and Lake Macquarie,117.21,0.91,111.16,112.5
2299,Glen InnesLAMBTON,Newcastle and Lake Macquarie,116.17,2.43,110.03,111.16
2300,BAR BEACH,Newcastle and Lake Macquarie,116.82,1.92,111.07,113.22
2302,NEWCASTLE WEST,Newcastle and Lake Macquarie,115.8,1.02,109.94,111.82
2303,HAMILTON,Newcastle and Lake Macquarie,116.21,0.72,110.3,112.03
2304,KOORAGANG,Newcastle and Lake Macquarie,120.4,2.53,114.36,115.68
2305,KOTARA EAST,Newcastle and Lake Macquarie,114.12,1.34,108.05,109.41
2306,WINDALE,Newcastle and Lake Macquarie,106.8,5.92,100.79,102.4
2307,SHORTLAND,Newcastle and Lake Macquarie,118.22,1.83,111.97,112.77
2308,CALLAGHAN,Newcastle and Lake Macquarie,117.6,1.34,111.41,112.38
2309,DANGAR,,447.84,266.14,417.09,417.09
2311,ALLYNBROOK,Hunter Valley exc Newcastle,173.79,23.29,161.48,161.48
2312,MINIMBAH,Mid North Coast,219.04,62.48,213.47,215.39
2315,CORLETTE,Hunter Valley exc Newcastle,154.75,45.14,150.07,154.29
2316,ANNA BAY,Hunter Valley exc Newcastle,146.06,34.4,141.08,144.74
2317,SALAMANDER BAY,Hunter Valley exc Newcastle,150.95,37.26,145.78,148.99
2318,CAMPVALE,Newcastle and Lake Macquarie,136.0,16.97,130.14,131.8
2319,LEMON TREE PASSAGE,Hunter Valley exc Newcastle,146.93,32.48,141.63,144.58
2320,ABERGLASSLYN,Hunter Valley exc Newcastle,129.12,0.92,120.33,120.33
2321,BERRY PARK,Hunter Valley exc Newcastle,141.44,9.11,134.19,134.19
2322,BERESFIELD,Newcastle and Lake Macquarie,124.37,1.63,117.78,117.78
2323,ASHTONFIELD,Newcastle and Lake Macquarie,127.74,1.81,120.01,120.01
2324,BALICKERA,Mid North Coast,171.97,56.33,167.31,171.49
2325,ABERDARE,Hunter Valley exc Newcastle,98.98,24.43,85.39,85.39
2326,ABERMAIN,Hunter Valley exc Newcastle,122.6,7.21,112.16,112.16
2327,KURRI KURRI,Hunter Valley exc Newcastle,119.35,11.1,110.05,110.05
2328,BUREEN,Hunter Valley exc Newcastle,155.66,46.04,127.96,127.96
2329,BORAMBIL,Hunter Valley exc Newcastle,223.83,64.05,194.74,194.74
2330,APPLETREE FLAT,Sydney - Baulkham Hills and Hawkesbury,125.45,26.75,104.11,104.11
2333,BAERAMI,Hunter Valley exc Newcastle,186.26,17.87,161.59,161.59
2334,GRETA,Hunter Valley exc Newcastle,127.85,4.64,115.38,115.38
2335,BELFORD,Hunter Valley exc Newcastle,136.67,2.92,122.36,122.36
2336,ABERDEEN,Hunter Valley exc Newcastle,191.8,19.99,172.65,172.65
2337,BELLTREES,Mid North Coast,212.44,21.53,192.86,192.86
2338,ARDGLEN,New England and North West,237.84,37.87,217.77,217.77
2339,BIG JACKS CREEK,New England and North West,243.85,42.61,219.32,219.32
2340,APPLEBY,New England and North West,281.47,82.72,262.42,262.42
2341,WERRIS CREEK,New England and North West,285.99,81.53,262.22,262.22
2342,CURRABUBULA,New England and North West,308.02,103.6,284.02,284.02
2343,BLACKVILLE,New England and North West,264.29,79.97,236.17,236.17
2344,DURI,New England and North West,303.03,97.94,280.47,280.47
2345,ATTUNGA,New England and North West,335.55,131.48,314.4,314.4
2346,BORAH CREEK,New England and North West,360.63,155.67,338.37,338.37
2347,BANOON,New England and North West,404.27,199.17,381.17,381.17
2350,ABERFOYLE,New England and North West,381.76,199.0,368.05,368.05
2352,KOOTINGAL,New England and North West,309.22,112.48,291.07,291.07
2353,MOONBI,New England and North West,322.11,121.27,302.66,302.66
2354,BRANGA PLAINS,New England and North West,308.75,131.11,295.07,295.07
2355,BENDEMEER,New England and North West,344.03,143.98,325.01,325.01
2356,GWABEGAR,New England and North West,418.17,240.11,387.15,387.15
2357,BOMERA,Far West and Orana,337.85,169.81,306.53,306.53
2358,ARDING,New England and North West,370.21,172.43,352.17,352.17
2359,BAKERS CREEK,New England and North West,408.22,205.51,388.1,388.1
2360,AUBURN VALE,New England and North West,469.98,268.9,450.86,450.86
2361,ASHFORD,New England and North West,519.35,317.8,500.04,500.04
2365,BACKWATER,New England and North West,419.59,228.0,403.84,403.84
2369,OLD MILL,New England and North West,431.85,232.33,413.38,413.38
2370,BALD NOB,New England and North West,463.11,272.91,448.01,448.01
2371,CAPOOMPETA,New England and North West,503.93,311.51,488.31,488.31
2372,BACK CREEK,Darling Downs - Maranoa,540.12,349.25,525.12,525.12
2379,GOOLHI,New England and North West,331.95,147.41,302.56,302.56
2380,BASIN PLAIN,New England and North West,327.86,128.0,301.56,301.56
2381,BREEZA,New England and North West,300.22,97.28,275.37,275.37
2382,BOGGABRI,New England and North West,376.72,174.18,351.08,351.08
2386,BURREN JUNCTION,New England and North West,472.35,283.92,442.45,442.45
2387,BULYEROI,New England and North West,500.18,308.38,470.78,470.78
2388,BOOLCARROLL,New England and North West,435.44,252.74,404.9,404.9
2390,BAAN BAA,New England and North West,412.61,212.87,385.63,385.63
2395,BINNAWAY,Far West and Orana,303.68,143.64,272.16,272.16
2396,BARADINE,Far West and Orana,393.78,221.53,362.32,362.32
2397,BELLATA,New England and North West,464.46,264.91,437.17,437.17
2398,GURLEY,New England and North West,478.01,276.0,451.65,451.65
2399,BINIGUY,New England and North West,504.58,299.66,480.55,480.55
2400,ASHLEY,New England and North West,515.77,315.9,488.4,488.4
2401,GRAVESEND,New England and North West,480.56,275.52,456.89,456.89
2402,COOLATAI,New England and North West,496.22,291.25,473.78,473.78
2403,BALFOURS PEAK,New England and North West,477.57,273.4,456.34,456.34
2404,BANGHEET,New England and North West,450.33,245.22,427.29,427.29
2405,BOOMI,New England and North West,572.61,369.47,546.63,546.63
2406,MUNGINDI,Darling Downs - Maranoa,595.2,399.41,566.38,566.38
2408,BLUE NOBBY,New England and North West,539.61,334.64,517.11,517.11
2409,BOGGABILLA,New England and North West,576.49,371.41,553.6,553.6
2410,TWIN RIVERS,New England and North West,565.23,360.97,543.88,543.88
2411,CROPPA CREEK,New England and North West,533.68,328.58,510.26,510.26
2415,MONKERAI,Mid North Coast,186.97,16.74,179.62,179.62
2420,ALISON,Mid North Coast,182.55,15.19,172.79,172.79
2421,FISHERS HILL,Hunter Valley exc Newcastle,146.13,7.95,135.71,135.71
2422,BACK CREEK,Mid North Coast,220.68,50.01,211.41,211.41
2423,BOMBAH POINT,Mid North Coast,193.52,49.93,188.22,190.88
2424,CAFFREYS FLAT,Mid North Coast,257.52,86.68,248.22,248.22
2425,ALLWORTH,Mid North Coast,177.46,22.89,171.43,172.32
2426,COOPERNOOK,Mid North Coast,262.24,102.11,256.72,258.62
2427,CROWDY HEAD,Mid North Coast,264.22,107.26,258.92,261.33
2428,BLUEYS BEACH,Mid North Coast,218.22,68.79,213.01,215.74
2429,BOBIN,Mid North Coast,253.76,85.69,247.57,247.77
2430,BLACK HEAD,Mid North Coast,246.95,84.03,241.18,242.48
2431,ARAKOON,Mid North Coast,370.28,204.92,364.57,365.8
2439,BATAR CREEK,Mid North Coast,282.65,120.29,277.04,278.68
2440,ALDAVILLA,New England and North West,422.61,253.63,416.46,416.49
2441,ALLGOMERA,Mid North Coast,366.45,197.89,360.34,360.53
2443,BOBS CREEK,Mid North Coast,277.92,119.4,272.57,274.85
2444,BLACKMANS POINT,Mid North Coast,311.77,150.01,306.29,308.18
2445,BONNY HILLS,Mid North Coast,294.89,134.6,289.48,291.56
2446,BAGNOO,Mid North Coast,299.88,130.97,293.65,293.65
2447,BAKERS CREEK,Mid North Coast,374.89,205.6,368.54,368.54
2448,HYLAND PARK,Mid North Coast,398.41,229.89,392.33,392.55
2449,ARGENTS HILL,Mid North Coast,387.57,217.48,380.42,380.42
2450,BOAMBEE,Coffs Harbour - Grafton,439.75,269.11,431.47,431.47
2452,BAYLDON,Coffs Harbour - Grafton,428.43,259.78,422.34,422.52
2453,BIELSDOWN HILLS,New England and North West,418.47,247.7,409.81,409.81
2454,BELLINGEN,Coffs Harbour - Grafton,408.05,238.15,401.15,401.15
2455,TARKEETH,Coffs Harbour - Grafton,406.34,237.54,400.21,400.32
2456,ARRAWARRA,Coffs Harbour - Grafton,460.51,291.23,454.21,454.21
2460,ALUMY CREEK,New England and North West,538.76,368.39,530.98,530.98
2462,CALLIOPE,Coffs Harbour - Grafton,486.45,316.77,479.79,479.79
2463,ASHBY,Coffs Harbour - Grafton,530.84,360.24,522.53,522.53
2464,ANGOURIE,Coffs Harbour - Grafton,527.9,358.1,521.06,521.06
2465,HARWOOD,Coffs Harbour - Grafton,531.58,361.36,524.08,524.08
2466,ILUKA,Coffs Harbour - Grafton,535.86,366.0,528.93,528.93
2469,ALICE,Richmond - Tweed,544.92,372.86,535.0,535.0
2470,ALICE,Richmond - Tweed,570.2,392.89,559.13,559.13
2471,BORA RIDGE,Richmond - Tweed,571.19,400.56,562.78,562.78
2472,BROADWATER,Richmond - Tweed,560.25,389.9,552.49,552.49
2473,BUNDJALUNG,Richmond - Tweed,565.53,395.39,558.15,558.15
2474,AFTERLEE,Richmond - Tweed,618.27,440.12,607.18,607.18
2475,BEAURY CREEK,Richmond - Tweed,601.95,415.28,588.43,588.43
2476,ACACIA CREEK,Richmond - Tweed,623.06,437.57,609.96,609.96
2477,ALSTONVALE,Richmond - Tweed,589.95,419.61,582.2,582.2
2478,BALLINA,Richmond - Tweed,599.13,429.02,591.77,591.77
2479,BANGALOW,Richmond - Tweed,614.04,443.7,606.25,606.25
2480,BACK CREEK,Richmond - Tweed,606.09,435.31,597.09,597.09
2481,BROKEN HEAD,Richmond - Tweed,621.57,451.37,614.04,614.04
2482,GOONENGERRY,Richmond - Tweed,627.61,456.95,619.05,619.05
2483,BILLINUDGEL,Richmond - Tweed,639.34,468.74,630.95,630.95
2484,BACK CREEK,Gold Coast,642.58,470.97,633.23,633.23
2485,TWEED HEADS,Gold Coast,669.49,498.78,660.72,660.72
2486,BANORA POINT,Richmond - Tweed,665.01,494.25,656.1,656.1
2487,CASUARINA,Richmond - Tweed,659.88,489.25,651.39,651.39
2488,BOGANGAR,Richmond - Tweed,654.1,483.53,645.77,645.77
2489,HASTINGS POINT,Richmond - Tweed,648.87,478.31,640.58,640.58
2490,NORTH TUMBULGUM,Richmond - Tweed,658.58,487.84,649.73,649.73
2500,CONISTON,Illawarra,69.0,1.24,74.08,77.13
2502,CRINGILA,Illawarra,76.16,2.73,81.58,84.94
2505,KEMBLAWARRA,Illawarra,70.79,3.95,76.81,81.4
2506,BERKELEY,Illawarra,76.44,2.68,81.49,84.2
2508,COALCLIFF,Illawarra,45.36,1.43,50.25,54.37
2515,AUSTINMER,Illawarra,54.44,0.7,59.41,62.99
2516,BULLI,Illawarra,58.65,0.95,63.51,66.67
2517,RUSSELL VALE,Illawarra,60.94,2.21,65.74,68.69
2518,BELLAMBI,Illawarra,63.38,1.29,68.35,71.45
2519,BALGOWNIE,Illawarra,71.03,13.89,72.77,72.77
2525,FIGTREE,Illawarra,72.7,3.16,77.26,79.26
2526,CORDEAUX,Illawarra,70.35,9.46,74.15,74.97
2527,ALBION PARK,Southern Highlands and Shoalhaven,89.5,4.44,94.24,96.03
2528,BARRACK HEIGHTS,Illawarra,82.32,4.09,87.8,91.08
2529,BALARANG,Illawarra,87.13,0.16,92.69,96.01
2530,AVONDALE,Illawarra,81.51,2.61,85.94,87.43
2533,BOMBO,Southern Highlands and Shoalhaven,95.84,8.99,100.88,103.05
2534,BROUGHTON VILLAGE,Illawarra,104.11,2.18,109.77,112.89
2535,BACK FOREST,Southern Highlands and Shoalhaven,110.76,2.72,115.66,117.29
2536,BATEHAVEN,Southern Highlands and Shoalhaven,222.59,100.05,227.36,227.57
2537,BERGALIA,Capital Region,258.86,132.48,263.06,263.06
2538,BROOMAN,Southern Highlands and Shoalhaven,186.2,63.64,190.95,191.36
2539,BAWLEY POINT,Southern Highlands and Shoalhaven,195.2,73.38,200.49,201.94
2540,BADAGARANG,Other Territories,126.8,4.23,131.59,132.74
2541,BANGALEE,Southern Highlands and Shoalhaven,139.14,17.18,143.57,143.84
2545,BELOWRA,Capital Region,282.39,152.38,286.47,286.47
2546,AKOLELE,Capital Region,281.68,161.23,287.55,289.8
2548,BERRAMBOOL,Capital Region,352.97,231.88,358.69,360.44
2549,BALD HILLS,Capital Region,364.36,243.23,370.06,371.77
2550,ANGLEDALE,Capital Region,347.32,220.25,352.49,353.11
2551,BOYDTOWN,Capital Region,400.77,279.39,406.55,408.33
2555,BADGERYS CREEK,Sydney - South West,43.23,10.03,25.28,25.28
2556,BRADFIELD,Sydney - South West,44.81,7.71,29.81,29.81
2557,CATHERINE FIELD,Sydney - South West,42.45,5.68,33.54,33.54
2558,EAGLE VALE,Sydney - Outer South West,41.91,3.57,36.03,36.03
2559,BLAIRMOUNT,Sydney - Outer South West,43.38,2.36,38.26,38.26
2560,AIRDS,Sydney - Outer South West,54.59,5.88,54.51,54.51
2563,MENANGLE PARK,Sydney - Outer South West,49.71,0.45,45.09,45.09
2564,GLENQUARIE,Sydney - Outer South West,32.38,2.1,30.01,30.01
2565,BARDIA,Sydney - Outer South West,35.99,1.64,30.31,30.31
2566,BOW BOWING,Sydney - Outer South West,38.17,0.03,34.3,34.3
2567,CURRANS HILL,Sydney - Outer South West,46.62,4.22,40.02,40.02
2568,MENANGLE,Sydney - Outer South West,54.87,3.41,50.82,50.82
2569,DOUGLAS PARK,Sydney - Outer South West,58.74,1.42,56.11,56.11
2570,BELIMBLA PARK,Sydney - South West,66.52,17.38,52.41,52.41
2571,BALMORAL,Sydney - Outer South West,65.26,0.36,58.88,58.88
2572,LAKESLAND,Sydney - Outer South West,69.92,4.42,62.48,62.48
2573,TAHMOOR,Sydney - Outer South West,69.46,0.75,63.57,63.57
2574,AVON,Sydney - Outer South West,75.96,4.46,73.67,73.67
2575,ALPINE,Southern Highlands and Shoalhaven,95.33,13.11,88.24,88.24
2576,BONG BONG,Southern Highlands and Shoalhaven,97.71,9.55,97.26,97.26
2577,AVOCA,Southern Highlands and Shoalhaven,109.29,7.97,108.51,108.51
2578,BUNDANOON,Southern Highlands and Shoalhaven,126.28,6.66,124.8,124.8
2579,BIG HILL,Southern Highlands and Shoalhaven,136.43,3.36,132.29,132.29
2580,BANNABY,Sydney - Outer West and Blue Mountains,163.6,7.32,154.38,154.38
2581,BELLMOUNT FOREST,Capital Region,202.72,39.59,190.77,190.77
2582,BANGO,Riverina,244.61,80.94,231.25,231.25
2583,BIGGA,Central West,183.12,73.06,162.1,162.1
2584,BINALONG,Capital Region,261.18,106.56,244.09,244.09
2585,GALONG,Capital Region,261.22,113.61,242.25,242.25
2586,BOOROWA,Capital Region,229.15,94.46,208.78,208.78
2587,AURVILLE,Capital Region,272.23,126.94,252.34,252.34
2588,CULLINGA,Riverina,283.42,135.06,263.95,263.95
2590,BETHUNGRA,Riverina,318.48,166.65,299.17,299.17
2594,ASHVILLE,Riverina,286.75,156.55,263.29,263.29
2611,BIMBERI,Australian Capital Territory,287.39,118.95,279.19,279.19
2618,SPRINGRANGE,Australian Capital Territory,240.41,71.63,231.01,231.01
2619,JERRABOMBERRA,Capital Region,249.3,83.86,243.36,243.36
2620,BURBONG,Australian Capital Territory,241.03,75.55,235.02,235.02
2621,ANEMBO,Capital Region,237.87,81.94,235.06,235.06
2622,ARALUEN,Southern Highlands and Shoalhaven,225.32,87.48,226.17,226.17
2623,CAPTAINS FLAT,Capital Region,247.11,91.78,244.65,244.65
2624,BLUE COW,Riverina,363.02,199.22,358.42,358.42
2625,THREDBO,Capital Region,394.77,232.86,391.2,391.2
2626,BREDBO,Capital Region,296.19,140.69,294.4,294.4
2627,BULLOCKS FLAT,Riverina,390.4,228.14,386.65,386.65
2628,AVONSIDE,Capital Region,357.48,202.03,356.24,356.24
2629,ADAMINABY,Riverina,323.84,160.74,319.45,319.45
2630,ARABLE,Capital Region,319.75,167.47,319.18,319.18
2631,ANDO,Capital Region,344.88,202.48,347.21,347.21
2632,BIBBENLUKE,Capital Region,393.99,255.46,397.74,397.74
2633,CORROWONG,Latrobe - Gippsland,403.34,251.6,403.58,403.58
2640,ALBURY,Hume,449.79,281.35,438.25,438.25
2641,HAMILTON VALLEY,Murray,458.49,290.13,446.77,446.77
2642,BIDGEEMIA,Hume,382.42,213.84,373.79,373.79
2643,HOWLONG,Murray,477.63,310.35,464.23,464.23
2644,BOWNA,Hume,405.46,237.29,393.6,393.6
2645,COONONG,Riverina,471.49,311.52,453.37,453.37
2646,BALLDALE,Murray,494.2,329.17,478.76,478.76
2647,MULWALA,Murray,528.22,362.74,512.95,512.95
2648,ANABRANCH NORTH,Murray,860.58,731.87,832.65,832.65
2649,LAUREL HILL,Riverina,344.34,175.6,334.12,334.12
2650,ALFREDTOWN,Riverina,376.7,217.28,359.14,359.14
2651,FOREST HILL,Riverina,372.08,210.47,355.54,355.54
2652,BOORGA,Riverina,370.19,205.45,355.37,355.37
2653,BURRA,Riverina,358.44,189.64,349.01,349.01
2655,BIRDLIP,Riverina,409.88,248.91,392.68,392.68
2656,BROOKDALE,Riverina,439.56,278.21,422.3,422.3
2658,GRUBBEN,Riverina,428.88,263.85,413.79,413.79
2659,ALMA PARK,Murray,449.63,284.52,434.47,434.47
2660,CARNSDALE,Murray,428.64,261.76,415.06,415.06
2663,BUNDURE,Riverina,341.58,183.83,323.8,323.8
2665,ARDLETHAN,Riverina,401.86,264.82,377.68,377.68
2666,COMBANING,Riverina,340.52,197.76,318.46,318.46
2668,BARMEDMAN,Riverina,351.78,223.75,326.55,326.55
2669,BYGALORIE,Riverina,419.47,299.41,392.07,392.07
2671,ALLEENA,Central West,364.29,247.54,337.03,337.03
2672,BURGOONEY,Far West and Orana,450.3,348.56,420.21,420.21
2675,HILLSTON,Riverina,532.19,416.26,503.35,503.35
2678,RIVERINA MC,Riverina,377.57,218.5,359.85,359.85
2680,BEELBANGERA,Riverina,490.07,351.9,465.34,465.34
2681,MYALL PARK,Riverina,467.5,335.35,441.72,441.72
2700,BIRREGO,Riverina,466.02,313.84,445.05,445.05
2701,BERRY JERRY,Riverina,381.65,229.83,361.37,361.37
2702,GANMAIN,Riverina,400.67,247.3,380.66,380.66
2703,YANCO,Riverina,452.26,306.67,429.54,429.54
2705,BROBENAH,Riverina,450.13,307.65,426.67,426.67
2706,DARLINGTON POINT,Riverina,490.88,346.55,467.55,467.55
2707,ARGOON,Riverina,505.98,357.34,483.69,483.69
2710,BARRATTA,Riverina,593.33,436.09,573.43,573.43
2711,BOOLIGAL,Riverina,626.59,488.16,601.18,601.18
2712,BERRIGAN,Shepparton,530.28,366.41,513.9,513.9
2713,BLIGHTY,Murray,553.73,392.59,535.73,535.73
2714,ARATULA,Shepparton,570.84,408.09,553.61,553.61
2715,ARUMPO,North West,727.54,588.71,701.87,701.87
2716,COREE SOUTH,Riverina,529.82,372.95,510.07,510.07
2717,COOMEALLA,Murray,841.86,704.51,815.6,815.6
2720,ARGALONG,Riverina,307.51,139.08,296.77,296.77
2721,BLAND,Central West,323.16,200.37,297.53,297.53
2722,BONGALONG,Riverina,313.83,151.35,298.46,298.46
2725,STOCKINBINGAL,Riverina,318.8,177.66,296.78,296.78
2726,BUNDARBO,Capital Region,284.13,128.44,266.73,266.73
2727,ADJUNGBILLY,Riverina,287.07,124.45,272.21,272.21
2729,ADELONG,Riverina,336.69,171.73,322.36,322.36
2730,BAGO,Riverina,342.88,174.6,331.6,331.6
2731,BUNNALOO,Shepparton,637.71,475.55,619.93,619.93
2732,BARHAM,North West,670.96,513.59,650.85,650.85
2733,DHURAGOON,Murray,654.56,503.66,632.23,632.23
2734,COOBOOL,North West,717.98,569.88,694.63,694.63
2735,KORALEIGH,North West,721.74,569.75,699.54,699.54
2736,GOODNIGHT,Murray,728.63,579.19,705.63,705.63
2737,BENANEE,Murray,770.17,626.33,745.56,745.56
2738,GOL GOL,North West,822.87,684.38,796.89,796.89
2739,BOEILL CREEK,Murray,835.21,697.0,809.15,809.15
2745,GLENMORE PARK,Sydney - South West,49.65,11.21,29.47,29.47
2747,CADDENS,Sydney - Outer West and Blue Mountains,46.39,3.73,16.15,16.15
2748,ORCHARD HILLS,Sydney - Outer West and Blue Mountains,45.35,5.87,21.49,21.49
2749,CASTLEREAGH,Sydney - Outer West and Blue Mountains,51.72,5.05,20.31,20.31
2750,EMU HEIGHTS,Sydney - Outer West and Blue Mountains,50.63,1.27,22.2,22.2
2752,BRERETON,Sydney - South West,58.22,19.13,40.47,40.47
2753,AGNES BANKS,Sydney - Outer West and Blue Mountains,58.54,8.29,24.57,24.57
2754,NORTH RICHMOND,Sydney - Outer West and Blue Mountains,56.36,5.07,22.2,22.2
2756,BLIGH PARK,Sydney - Outer West and Blue Mountains,54.34,18.1,25.58,25.58
2757,KURMOND,Sydney - Baulkham Hills and Hawkesbury,59.22,7.42,24.97,24.97
2758,BERAMBING,Sydney - Outer West and Blue Mountains,70.89,19.13,36.66,36.66
2759,ERSKINE PARK,Sydney - Outer West and Blue Mountains,39.82,6.75,18.15,18.15
2760,COLYTON,Sydney - Outer West and Blue Mountains,41.49,0.58,13.84,13.84
2761,COLEBEE,Sydney - Blacktown,36.28,3.15,7.79,7.79
2762,SCHOFIELDS,Sydney - Blacktown,35.49,1.14,2.16,2.16
2763,ACACIA GARDENS,Sydney - Blacktown,32.7,1.21,3.66,3.66
2765,ANGUS,Sydney - Outer West and Blue Mountains,41.23,2.32,7.1,7.1
2766,EASTERN CREEK,Sydney - Blacktown,33.74,4.35,12.37,12.37
2767,BUNGARRIBEE,Sydney - Blacktown,33.32,0.59,8.14,8.14
2768,GLENWOOD,Sydney - Blacktown,30.22,2.13,2.13,2.13
2769,THE PONDS,Sydney - Blacktown,33.44,1.54,1.54,1.54
2770,BIDWILL,Sydney - Blacktown,38.93,1.69,11.41,11.41
2773,GLENBROOK,Sydney - Outer West and Blue Mountains,54.95,0.51,27.21,27.21
2774,BLAXLAND,Sydney - Outer West and Blue Mountains,55.71,2.18,26.02,26.02
2775,CENTRAL MACDONALD,Sydney - Baulkham Hills and Hawkesbury,67.21,35.5,43.03,43.03
2776,FAULCONBRIDGE,Sydney - Outer West and Blue Mountains,64.68,3.72,32.76,32.76
2777,HAWKESBURY HEIGHTS,Sydney - Outer West and Blue Mountains,60.68,1.32,29.42,29.42
2778,LINDEN,Sydney - Outer West and Blue Mountains,68.76,0.82,39.19,39.19
2779,HAZELBROOK,Sydney - Outer West and Blue Mountains,71.15,0.48,41.47,41.47
2780,KATOOMBA,Sydney - Outer West and Blue Mountains,71.56,11.64,46.23,46.23
2782,KEDUMBA,Sydney - Outer West and Blue Mountains,79.51,0.53,49.5,49.5
2783,LAWSON,Sydney - Outer West and Blue Mountains,73.58,0.72,44.02,44.02
2784,BULLABURRA,Sydney - Outer West and Blue Mountains,75.72,1.04,46.34,46.34
2785,BLACKHEATH,Sydney - Outer West and Blue Mountains,95.66,9.19,66.09,66.09
2786,BELL,Sydney - Outer West and Blue Mountains,90.53,4.66,57.25,57.25
2787,BELOON,Sydney - Outer West and Blue Mountains,97.2,39.07,77.94,77.94
2790,BEN BULLEN,Sydney - Outer West and Blue Mountains,101.68,14.46,67.47,67.47
2791,CARCOAR,Central West,190.83,93.54,161.29,161.29
2792,BURNT YARDS,Central West,198.12,100.52,168.57,168.57
2793,DARBYS FALLS,Central West,209.36,117.81,181.81,181.81
2794,BUMBALDRY,Central West,234.9,136.13,208.36,208.36
2795,ABERCROMBIE,Central West,160.59,73.65,133.34,133.34
2797,GARLAND,Central West,210.73,112.46,181.07,181.07
2798,BENEREE,Central West,195.08,92.6,163.86,163.86
2799,BARRY,Central West,182.59,83.03,152.26,152.26
2800,AMMERDOWN,Central West,206.87,101.03,174.18,174.18
2803,BENDICK MURRELL,Capital Region,249.85,127.32,226.29,226.29
2804,BILLIMARI,Central West,241.02,141.34,211.06,211.06
2805,GOOLOOGONG,Central West,258.99,162.01,230.09,230.09
2806,EUGOWRA,Central West,268.04,165.71,237.15,237.15
2807,KOORAWATHA,Central West,244.87,133.15,219.77,219.77
2808,WYANGALA,Central West,202.07,107.9,176.77,176.77
2809,GREENETHORPE,Central West,256.49,146.97,230.6,230.6
2810,BIMBI,Central West,291.22,180.1,264.51,264.51
2820,APSLEY,Far West and Orana,253.61,150.72,219.34,219.34
2821,BURROWAY,Far West and Orana,339.96,234.72,305.79,305.79
2823,BUNDEMAR,Far West and Orana,372.22,267.09,338.03,338.03
2824,BEEMUNNEL,Far West and Orana,421.87,298.16,387.76,387.76
2825,BABINDA,Far West and Orana,440.77,334.95,406.69,406.69
2827,BEARBONG,Far West and Orana,345.16,214.57,311.52,311.52
2828,ARMATREE,Far West and Orana,376.83,229.39,343.71,343.71
2829,BILLEROY,Far West and Orana,439.29,279.82,406.53,406.53
2830,BALLIMORE,Far West and Orana,298.4,196.02,264.15,264.15
2831,ARMATREE,Far West and Orana,479.39,373.0,445.57,445.57
2832,ANGLEDOOL,Far West and Orana,536.46,365.7,504.17,504.17
2833,COLLARENEBRI,New England and North West,565.34,379.13,534.74,534.74
2834,ANGLEDOOL,Far West and Orana,596.05,415.11,564.65,564.65
2835,BULLA,Far West and Orana,600.8,494.28,567.23,567.23
2836,GEMVILLE,Far West and Orana,788.08,682.29,755.5,755.5
2839,BREWARRINA,Far West and Orana,608.22,450.5,574.87,574.87
2840,BARRINGUN,Far West and Orana,701.15,576.67,666.89,666.89
2842,MENDOORAN,Far West and Orana,315.22,173.2,282.35,282.35
2843,COOLAH,Far West and Orana,266.14,110.31,235.05,235.05
2844,BIRRIWA,Central West,279.01,146.6,246.12,246.12
2845,ANGUS PLACE,Central West,119.74,13.58,86.18,86.18
2846,AIRLY,Central West,134.49,45.61,100.47,100.47
2847,PIPERS FLAT,Central West,125.83,19.31,92.45,92.45
2848,BROGANS CREEK,Central West,157.91,66.87,124.03,124.03
2849,BOGEE,Central West,167.52,86.3,134.72,134.72
2850,AARONS PASS,Hunter Valley exc Newcastle,199.06,102.43,165.02,165.02
2852,BARNEYS REEF,Far West and Orana,239.71,134.69,206.26,206.26
2864,BOREE,Central West,236.84,133.19,205.31,205.31
2865,BOCOBRA,Central West,250.72,145.34,218.34,218.34
2866,AMAROO,Far West and Orana,234.33,127.8,200.87,200.87
2867,BALDRY,Far West and Orana,258.66,152.14,225.19,225.19
2868,BOURNEWOOD,Far West and Orana,274.1,167.81,240.25,240.25
2869,MUNGERY,Far West and Orana,308.73,202.45,274.87,274.87
2870,ALECTOWN,Central West,296.95,191.42,264.51,264.51
2871,BANDON,Central West,315.89,215.91,286.07,286.07
2873,ALBERT,Central West,418.66,312.13,385.09,385.09
2874,TULLAMORE,Central West,368.5,262.12,335.34,335.34
2875,BRUIE PLAINS,Central West,350.21,245.06,318.03,318.03
2876,BOGAN GATE,Central West,328.22,224.59,296.84,296.84
2877,BOBADAH,Far West and Orana,479.07,374.57,447.31,447.31
2878,BEILPAJAH,Murray,634.26,528.5,603.74,603.74
2879,COPI HOLLOW,Far West and Orana,823.64,716.31,792.84,792.84
2880,BROKEN HILL,Far West and Orana,944.01,837.53,910.64,910.64
2898,LORD HOWE ISLAND,Mid North Coast,779.97,696.91,780.17,791.57
2899,NORFOLK ISLAND,,461.22,292.72,449.79,449.79
3500,PARINGI,North West,834.95,696.19,809.0,809.0
3586,MALLAN,North West,693.51,541.68,671.34,671.34
3644,BAROOGA,Shepparton,551.73,387.25,535.66,535.66
3691,LAKE HUME VILLAGE,Hume,453.65,285.01,442.66,442.66
3707,BRINGENBRONG,Latrobe - Gippsland,417.42,253.74,413.02,413.02
4375,COTTONVALE,Darling Downs - Maranoa,598.45,404.24,582.47,582.47
4377,MARYLAND,Darling Downs - Maranoa,597.93,406.1,582.78,582.78
4380,AMOSFIELD,Darling Downs - Maranoa,587.84,396.92,572.96,572.96
4383,JENNINGS,Darling Downs - Maranoa,552.72,361.17,537.54,537.54
4385,CAMP CREEK,Darling Downs - Maranoa,567.53,365.25,547.83,547.83
