period_end,cpi_index,release_date,publication_lag_days
1922-06-30,1.93,1922-07-28,28
1922-09-30,1.93,1922-10-28,28
1922-12-31,1.91,1923-01-28,28
1923-03-31,1.92,1923-04-28,28
1923-06-30,1.98,1923-07-28,28
1923-09-30,2.0,1923-10-28,28
1923-12-31,2.0,1924-01-28,28
1924-03-31,1.94,1924-04-28,28
1924-06-30,1.94,1924-07-28,28
1924-09-30,1.93,1924-10-28,28
1924-12-31,1.93,1925-01-28,28
1925-03-31,1.96,1925-04-28,28
1925-06-30,1.98,1925-07-28,28
1925-09-30,1.99,1925-10-28,28
1925-12-31,1.98,1926-01-28,28
1926-03-31,1.99,1926-04-28,28
1926-06-30,2.03,1926-07-28,28
1926-09-30,2.0,1926-10-28,28
1926-12-31,1.99,1927-01-28,28
1927-03-31,1.98,1927-04-28,28
1927-06-30,1.97,1927-07-28,28
1927-09-30,1.99,1927-10-28,28
1927-12-31,2.0,1928-01-28,28
1928-03-31,2.0,1928-04-28,28
1928-06-30,2.01,1928-07-28,28
1928-09-30,2.0,1928-10-28,28
1928-12-31,2.0,1929-01-28,28
1929-03-31,2.05,1929-04-28,28
1929-06-30,2.05,1929-07-28,28
1929-09-30,2.05,1929-10-28,28
1929-12-31,2.05,1930-01-28,28
1930-03-31,1.99,1930-04-28,28
1930-06-30,1.97,1930-07-28,28
1930-09-30,1.91,1930-10-28,28
1930-12-31,1.84,1931-01-28,28
1931-03-31,1.79,1931-04-28,28
1931-06-30,1.74,1931-07-28,28
1931-09-30,1.69,1931-10-28,28
1931-12-31,1.67,1932-01-28,28
1932-03-31,1.67,1932-04-28,28
1932-06-30,1.65,1932-07-28,28
1932-09-30,1.63,1932-10-28,28
1932-12-31,1.6,1933-01-28,28
1933-03-31,1.58,1933-04-28,28
1933-06-30,1.59,1933-07-28,28
1933-09-30,1.59,1933-10-28,28
1933-12-31,1.59,1934-01-28,28
1934-03-31,1.6,1934-04-28,28
1934-06-30,1.62,1934-07-28,28
1934-09-30,1.62,1934-10-28,28
1934-12-31,1.62,1935-01-28,28
1935-03-31,1.63,1935-04-28,28
1935-06-30,1.63,1935-07-28,28
1935-09-30,1.65,1935-10-28,28
1935-12-31,1.66,1936-01-28,28
1936-03-31,1.66,1936-04-28,28
1936-06-30,1.66,1936-07-28,28
1936-09-30,1.69,1936-10-28,28
1936-12-31,1.7,1937-01-28,28
1937-03-31,1.71,1937-04-28,28
1937-06-30,1.71,1937-07-28,28
1937-09-30,1.73,1937-10-28,28
1937-12-31,1.74,1938-01-28,28
1938-03-31,1.75,1938-04-28,28
1938-06-30,1.77,1938-07-28,28
1938-09-30,1.79,1938-10-28,28
1938-12-31,1.79,1939-01-28,28
1939-03-31,1.82,1939-04-28,28
1939-06-30,1.81,1939-07-28,28
1939-09-30,1.81,1939-10-28,28
1939-12-31,1.83,1940-01-28,28
1940-03-31,1.84,1940-04-28,28
1940-06-30,1.88,1940-07-28,28
1940-09-30,1.89,1940-10-28,28
1940-12-31,1.95,1941-01-28,28
1941-03-31,1.97,1941-04-28,28
1941-06-30,1.98,1941-07-28,28
1941-09-30,1.99,1941-10-28,28
1941-12-31,2.03,1942-01-28,28
1942-03-31,2.08,1942-04-28,28
1942-06-30,2.14,1942-07-28,28
1942-09-30,2.19,1942-10-28,28
1942-12-31,2.22,1943-01-28,28
1943-03-31,2.22,1943-04-28,28
1943-06-30,2.26,1943-07-28,28
1943-09-30,2.24,1943-10-28,28
1943-12-31,2.22,1944-01-28,28
1944-03-31,2.22,1944-04-28,28
1944-06-30,2.22,1944-07-28,28
1944-09-30,2.23,1944-10-28,28
1944-12-31,2.22,1945-01-28,28
1945-03-31,2.22,1945-04-28,28
1945-06-30,2.22,1945-07-28,28
1945-09-30,2.22,1945-10-28,28
1945-12-31,2.23,1946-01-28,28
1946-03-31,2.24,1946-04-28,28
1946-06-30,2.26,1946-07-28,28
1946-09-30,2.26,1946-10-28,28
1946-12-31,2.28,1947-01-28,28
1947-03-31,2.3,1947-04-28,28
1947-06-30,2.32,1947-07-28,28
1947-09-30,2.35,1947-10-28,28
1947-12-31,2.41,1948-01-28,28
1948-03-31,2.47,1948-04-28,28
1948-06-30,2.52,1948-07-28,28
1948-09-30,2.59,1948-10-28,28
1948-12-31,2.63,1949-01-28,28
1949-03-31,2.71,1949-04-28,28
1949-06-30,2.74,1949-07-28,28
1949-09-30,2.82,1949-10-28,28
1949-12-31,2.86,1950-01-28,28
1950-03-31,2.9,1950-04-28,28
1950-06-30,3.02,1950-07-28,28
1950-09-30,3.05,1950-10-28,28
1950-12-31,3.17,1951-01-28,28
1951-03-31,3.32,1951-04-28,28
1951-06-30,3.52,1951-07-28,28
1951-09-30,3.71,1951-10-28,28
1951-12-31,3.98,1952-01-28,28
1952-03-31,4.1,1952-04-28,28
1952-06-30,4.25,1952-07-28,28
1952-09-30,4.33,1952-10-28,28
1952-12-31,4.37,1953-01-28,28
1953-03-31,4.41,1953-04-28,28
1953-06-30,4.45,1953-07-28,28
1953-09-30,4.48,1953-10-28,28
1953-12-31,4.45,1954-01-28,28
1954-03-31,4.48,1954-04-28,28
1954-06-30,4.48,1954-07-28,28
1954-09-30,4.48,1954-10-28,28
1954-12-31,4.48,1955-01-28,28
1955-03-31,4.52,1955-04-28,28
1955-06-30,4.56,1955-07-28,28
1955-09-30,4.6,1955-10-28,28
1955-12-31,4.64,1956-01-28,28
1956-03-31,4.68,1956-04-28,28
1956-06-30,4.83,1956-07-28,28
1956-09-30,4.95,1956-10-28,28
1956-12-31,4.95,1957-01-28,28
1957-03-31,4.95,1957-04-28,28
1957-06-30,4.99,1957-07-28,28
1957-09-30,4.99,1957-10-28,28
1957-12-31,4.99,1958-01-28,28
1958-03-31,5.03,1958-04-28,28
1958-06-30,5.03,1958-07-28,28
1958-09-30,5.03,1958-10-28,28
1958-12-31,5.06,1959-01-28,28
1959-03-31,5.1,1959-04-28,28
1959-06-30,5.1,1959-07-28,28
1959-09-30,5.14,1959-10-28,28
1959-12-31,5.18,1960-01-28,28
1960-03-31,5.22,1960-04-28,28
1960-06-30,5.3,1960-07-28,28
1960-09-30,5.37,1960-10-28,28
1960-12-31,5.41,1961-01-28,28
1961-03-31,5.45,1961-04-28,28
1961-06-30,5.49,1961-07-28,28
1961-09-30,5.45,1961-10-28,28
1961-12-31,5.45,1962-01-28,28
1962-03-31,5.45,1962-04-28,28
1962-06-30,5.45,1962-07-28,28
1962-09-30,5.45,1962-10-28,28
1962-12-31,5.45,1963-01-28,28
1963-03-31,5.45,1963-04-28,28
1963-06-30,5.45,1963-07-28,28
1963-09-30,5.49,1963-10-28,28
1963-12-31,5.49,1964-01-28,28
1964-03-31,5.53,1964-04-28,28
1964-06-30,5.57,1964-07-28,28
1964-09-30,5.64,1964-10-28,28
1964-12-31,5.68,1965-01-28,28
1965-03-31,5.72,1965-04-28,28
1965-06-30,5.8,1965-07-28,28
1965-09-30,5.84,1965-10-28,28
1965-12-31,5.91,1966-01-28,28
1966-03-31,5.95,1966-04-28,28
1966-06-30,5.99,1966-07-28,28
1966-09-30,5.99,1966-10-28,28
1966-12-31,6.07,1967-01-28,28
1967-03-31,6.11,1967-04-28,28
1967-06-30,6.15,1967-07-28,28
1967-09-30,6.26,1967-10-28,28
1967-12-31,6.26,1968-01-28,28
1968-03-31,6.3,1968-04-28,28
1968-06-30,6.34,1968-07-28,28
1968-09-30,6.38,1968-10-28,28
1968-12-31,6.42,1969-01-28,28
1969-03-31,6.49,1969-04-28,28
1969-06-30,6.53,1969-07-28,28
1969-09-30,6.57,1969-10-28,28
1969-12-31,6.61,1970-01-28,28
1970-03-31,6.69,1970-04-28,28
1970-06-30,6.77,1970-07-28,28
1970-09-30,6.8,1970-10-28,28
1970-12-31,6.92,1971-01-28,28
1971-03-31,7.0,1971-04-28,28
1971-06-30,7.11,1971-07-28,28
1971-09-30,7.27,1971-10-28,28
1971-12-31,7.42,1972-01-28,28
1972-03-31,7.5,1972-04-28,28
1972-06-30,7.58,1972-07-28,28
1972-09-30,7.69,1972-10-28,28
1972-12-31,7.77,1973-01-28,28
1973-03-31,7.93,1973-04-28,28
1973-06-30,8.2,1973-07-28,28
1973-09-30,8.47,1973-10-28,28
1973-12-31,8.78,1974-01-28,28
1974-03-31,9.01,1974-04-28,28
1974-06-30,9.39,1974-07-28,28
1974-09-30,9.86,1974-10-28,28
1974-12-31,10.21,1975-01-28,28
1975-03-31,10.59,1975-04-28,28
1975-06-30,10.98,1975-07-28,28
1975-09-30,11.06,1975-10-28,28
1975-12-31,11.68,1976-01-28,28
1976-03-31,11.98,1976-04-28,28
1976-06-30,12.29,1976-07-28,28
1976-09-30,12.6,1976-10-28,28
1976-12-31,13.34,1977-01-28,28
1977-03-31,13.65,1977-04-28,28
1977-06-30,13.96,1977-07-28,28
1977-09-30,14.23,1977-10-28,28
1977-12-31,14.57,1978-01-28,28
1978-03-31,14.77,1978-04-28,28
1978-06-30,15.08,1978-07-28,28
1978-09-30,15.35,1978-10-28,28
1978-12-31,15.7,1979-01-28,28
1979-03-31,15.97,1979-04-28,28
1979-06-30,16.39,1979-07-28,28
1979-09-30,16.78,1979-10-28,28
1979-12-31,17.28,1980-01-28,28
1980-03-31,17.67,1980-04-28,28
1980-06-30,18.17,1980-07-28,28
1980-09-30,18.48,1980-10-28,28
1980-12-31,18.87,1981-01-28,28
1981-03-31,19.33,1981-04-28,28
1981-06-30,19.76,1981-07-28,28
1981-09-30,20.14,1981-10-28,28
1981-12-31,20.99,1982-01-28,28
1982-03-31,21.38,1982-04-28,28
1982-06-30,21.88,1982-07-28,28
1982-09-30,22.65,1982-10-28,28
1982-12-31,23.31,1983-01-28,28
1983-03-31,23.81,1983-04-28,28
1983-06-30,24.32,1983-07-28,28
1983-09-30,24.74,1983-10-28,28
1983-12-31,25.32,1984-01-28,28
1984-03-31,25.21,1984-04-28,28
1984-06-30,25.28,1984-07-28,28
1984-09-30,25.59,1984-10-28,28
1984-12-31,25.98,1985-01-28,28
1985-03-31,26.33,1985-04-28,28
1985-06-30,26.95,1985-07-28,28
1985-09-30,27.56,1985-10-28,28
1985-12-31,28.11,1986-01-28,28
1986-03-31,28.76,1986-04-28,28
1986-06-30,29.23,1986-07-28,28
1986-09-30,30.0,1986-10-28,28
1986-12-31,30.85,1987-01-28,28
1987-03-31,31.47,1987-04-28,28
1987-06-30,31.93,1987-07-28,28
1987-09-30,32.47,1987-10-28,28
1987-12-31,33.05,1988-01-28,28
1988-03-31,33.63,1988-04-28,28
1988-06-30,34.21,1988-07-28,28
1988-09-30,34.87,1988-10-28,28
1988-12-31,35.57,1989-01-28,28
1989-03-31,35.91,1989-04-28,28
1989-06-30,36.8,1989-07-28,28
1989-09-30,37.65,1989-10-28,28
1989-12-31,38.35,1990-01-28,28
1990-03-31,39.01,1990-04-28,28
1990-06-30,39.63,1990-07-28,28
1990-09-30,39.94,1990-10-28,28
1990-12-31,40.98,1991-01-28,28
1991-03-31,40.9,1991-04-28,28
1991-06-30,40.98,1991-07-28,28
1991-09-30,41.21,1991-10-28,28
1991-12-31,41.6,1992-01-28,28
1992-03-31,41.6,1992-04-28,28
1992-06-30,41.48,1992-07-28,28
1992-09-30,41.52,1992-10-28,28
1992-12-31,41.71,1993-01-28,28
1993-03-31,42.1,1993-04-28,28
1993-06-30,42.25,1993-07-28,28
1993-09-30,42.45,1993-10-28,28
1993-12-31,42.53,1994-01-28,28
1994-03-31,42.68,1994-04-28,28
1994-06-30,42.99,1994-07-28,28
1994-09-30,43.26,1994-10-28,28
1994-12-31,43.61,1995-01-28,28
1995-03-31,44.34,1995-04-28,28
1995-06-30,44.92,1995-07-28,28
1995-09-30,45.46,1995-10-28,28
1995-12-31,45.81,1996-01-28,28
1996-03-31,46.0,1996-04-28,28
1996-06-30,46.31,1996-07-28,28
1996-09-30,46.43,1996-10-28,28
1996-12-31,46.51,1997-01-28,28
1997-03-31,46.58,1997-04-28,28
1997-06-30,46.47,1997-07-28,28
1997-09-30,46.28,1997-10-28,28
1997-12-31,46.39,1998-01-28,28
1998-03-31,46.51,1998-04-28,28
1998-06-30,46.78,1998-07-28,28
1998-09-30,46.91,1998-10-28,28
1998-12-31,47.11,1999-01-28,28
1999-03-31,47.08,1999-04-28,28
1999-06-30,47.29,1999-07-28,28
1999-09-30,47.72,1999-10-28,28
1999-12-31,47.97,2000-01-28,28
2000-03-31,48.4,2000-04-28,28
2000-06-30,48.77,2000-07-28,28
2000-09-30,50.59,2000-10-28,28
2000-12-31,50.76,2001-01-28,28
2001-03-31,51.3,2001-04-28,28
2001-06-30,51.73,2001-07-28,28
2001-09-30,51.87,2001-10-28,28
2001-12-31,52.35,2002-01-28,28
2002-03-31,52.82,2002-04-28,28
2002-06-30,53.2,2002-07-28,28
2002-09-30,53.56,2002-10-28,28
2002-12-31,53.92,2003-01-28,28
2003-03-31,54.62,2003-04-28,28
2003-06-30,54.62,2003-07-28,28
2003-09-30,54.93,2003-10-28,28
2003-12-31,55.22,2004-01-28,28
2004-03-31,55.71,2004-04-28,28
2004-06-30,55.97,2004-07-28,28
2004-09-30,56.2,2004-10-28,28
2004-12-31,56.63,2005-01-28,28
2005-03-31,57.01,2005-04-28,28
2005-06-30,57.35,2005-07-28,28
2005-09-30,57.92,2005-10-28,28
2005-12-31,58.22,2006-01-28,28
2006-03-31,58.72,2006-04-28,28
2006-06-30,59.65,2006-07-28,28
2006-09-30,60.18,2006-10-28,28
2006-12-31,60.11,2007-01-28,28
2007-03-31,60.16,2007-04-28,28
2007-06-30,60.9,2007-07-28,28
2007-09-30,61.32,2007-10-28,28
2007-12-31,61.89,2008-01-28,28
2008-03-31,62.72,2008-04-28,28
2008-06-30,63.63,2008-07-28,28
2008-09-30,64.37,2008-10-28,28
2008-12-31,64.16,2009-01-28,28
2009-03-31,64.23,2009-04-28,28
2009-06-30,64.55,2009-07-28,28
2009-09-30,65.16,2009-10-28,28
2009-12-31,65.51,2010-01-28,28
2010-03-31,66.12,2010-04-28,28
2010-06-30,66.52,2010-07-28,28
2010-09-30,67.0,2010-10-28,28
2010-12-31,67.26,2011-01-28,28
2011-03-31,68.3,2011-04-28,28
2011-06-30,68.93,2011-07-28,28
2011-09-30,69.34,2011-10-28,28
2011-12-31,69.34,2012-01-28,28
2012-03-31,69.38,2012-04-28,28
2012-06-30,69.74,2012-07-28,28
2012-09-30,70.69,2012-10-28,28
2012-12-31,70.87,2013-01-28,28
2013-03-31,71.11,2013-04-28,28
2013-06-30,71.38,2013-07-28,28
2013-09-30,72.25,2013-10-28,28
2013-12-31,72.77,2014-01-28,28
2014-03-31,73.2,2014-04-28,28
2014-06-30,73.57,2014-07-28,28
2014-09-30,73.88,2014-10-28,28
2014-12-31,74.02,2015-01-28,28
2015-03-31,74.16,2015-04-28,28
2015-06-30,74.69,2015-07-28,28
2015-09-30,74.98,2015-10-28,28
2015-12-31,75.27,2016-01-28,28
2016-03-31,75.12,2016-04-28,28
2016-06-30,75.45,2016-07-28,28
2016-09-30,75.98,2016-10-28,28
2016-12-31,76.38,2017-01-28,28
2017-03-31,76.73,2017-04-28,28
2017-06-30,76.88,2017-07-28,28
2017-09-30,77.35,2017-10-28,28
2017-12-31,77.87,2018-01-28,28
2018-03-31,78.21,2018-04-28,28
2018-06-30,78.49,2018-07-28,28
2018-09-30,78.83,2018-10-28,28
2018-12-31,79.24,2019-01-28,28
2019-03-31,79.23,2019-04-28,28
2019-06-30,79.7,2019-07-28,28
2019-09-30,80.15,2019-10-28,28
2019-12-31,80.7,2020-01-28,28
2020-03-31,81.0,2020-04-28,28
2020-06-30,79.44,2020-07-28,28
2020-09-30,80.67,2020-10-28,28
2020-12-31,81.4,2021-01-28,28
2021-03-31,81.87,2021-04-28,28
2021-06-30,82.47,2021-07-28,28
2021-09-30,83.17,2021-10-28,28
2021-12-31,84.23,2022-01-28,28
2022-03-31,86.05,2022-04-28,28
2022-06-30,87.59,2022-07-28,28
2022-09-30,89.2,2022-10-28,28
2022-12-31,90.85,2023-01-28,28
2023-03-31,92.08,2023-04-28,28
2023-06-30,92.87,2023-07-28,28
2023-09-30,93.94,2023-10-28,28
2023-12-31,94.53,2024-01-28,28
2024-03-31,95.41,2024-04-28,28
2024-06-30,96.41,2024-07-28,28
2024-09-30,96.62,2024-10-28,28
2024-12-31,96.81,2025-01-28,28
2025-03-31,97.7,2025-04-28,28
2025-06-30,98.43,2025-07-28,28
2025-09-30,99.73,2025-10-28,28
2025-12-31,100.32,2026-01-28,28
2026-03-31,101.7,2026-04-28,28
2026-06-30,102.31,2026-07-28,28
