effective_date,cash_rate
1990-01-23,17.5
1990-02-15,17.0
1990-03-07,17.0
1990-04-04,15.5
1990-05-02,15.5
1990-06-06,15.5
1990-07-04,15.5
1990-08-02,14.0
1990-09-05,14.0
1990-10-15,13.0
1990-11-07,13.0
1990-12-18,12.0
1991-02-06,12.0
1991-03-06,12.0
1991-04-04,11.5
1991-05-16,10.5
1991-06-14,10.5
1991-07-03,10.5
1991-07-31,10.5
1991-09-03,9.5
1991-10-02,9.5
1991-11-06,8.5
1991-12-04,8.5
1992-01-08,7.5
1992-02-05,7.5
1992-03-04,7.5
1992-04-08,7.5
1992-05-06,6.5
1992-06-03,6.5
1992-07-08,5.75
1992-07-29,5.75
1992-09-02,5.75
1992-10-07,5.75
1992-11-04,5.75
1992-12-02,5.75
1993-02-03,5.75
1993-03-23,5.25
1993-04-07,5.25
1993-05-05,5.25
1993-06-02,5.25
1993-07-07,5.25
1993-07-30,4.75
1993-09-08,4.75
1993-10-06,4.75
1993-11-03,4.75
1993-12-08,4.75
1994-02-02,4.75
1994-03-02,4.75
1994-03-30,4.75
1994-05-04,4.75
1994-06-08,4.75
1994-07-06,4.75
1994-07-27,4.75
1994-08-17,5.5
1994-09-07,5.5
1994-10-24,6.5
1994-11-02,6.5
1994-12-14,7.5
1995-02-08,7.5
1995-03-08,7.5
1995-04-05,7.5
1995-05-03,7.5
1995-06-07,7.5
1995-07-05,7.5
1995-07-26,7.5
1995-09-06,7.5
1995-10-04,7.5
1995-11-08,7.5
1995-12-06,7.5
1996-02-07,7.5
1996-03-06,7.5
1996-04-03,7.5
1996-05-08,7.5
1996-06-05,7.5
1996-07-03,7.5
1996-07-31,7.0
1996-09-04,7.0
1996-10-02,7.0
1996-11-06,6.5
1996-12-11,6.0
1997-02-05,6.0
1997-03-05,6.0
1997-04-02,6.0
1997-05-07,6.0
1997-05-23,5.5
1997-06-04,5.5
1997-07-02,5.5
1997-07-30,5.0
1997-08-06,5.0
1997-09-03,5.0
1997-10-08,5.0
1997-11-05,5.0
1997-12-03,5.0
1998-02-04,5.0
1998-03-04,5.0
1998-04-08,5.0
1998-05-06,5.0
1998-06-03,5.0
1998-07-08,5.0
1998-08-05,5.0
1998-09-02,5.0
1998-10-07,5.0
1998-11-04,5.0
1998-12-02,4.75
1999-02-03,4.75
1999-03-03,4.75
1999-04-07,4.75
1999-05-05,4.75
1999-06-02,4.75
1999-07-07,4.75
1999-08-04,4.75
1999-09-08,4.75
1999-10-06,4.75
1999-11-03,5.0
1999-12-08,5.0
2000-02-02,5.5
2000-03-08,5.5
2000-04-05,5.75
2000-05-03,6.0
2000-06-07,6.0
2000-07-05,6.0
2000-08-02,6.25
2000-09-06,6.25
2000-10-04,6.25
2000-11-08,6.25
2000-12-06,6.25
2001-02-07,5.75
2001-03-07,5.5
2001-04-04,5.0
2001-05-02,5.0
2001-06-06,5.0
2001-07-04,5.0
2001-08-08,5.0
2001-09-05,4.75
2001-10-03,4.5
2001-11-07,4.5
2001-12-05,4.25
2002-02-06,4.25
2002-03-06,4.25
2002-04-03,4.25
2002-05-08,4.5
2002-06-05,4.75
2002-07-03,4.75
2002-08-07,4.75
2002-09-04,4.75
2002-10-02,4.75
2002-11-06,4.75
2002-12-04,4.75
2003-02-05,4.75
2003-03-05,4.75
2003-04-02,4.75
2003-05-07,4.75
2003-06-04,4.75
2003-07-02,4.75
2003-08-06,4.75
2003-09-03,4.75
2003-10-08,4.75
2003-11-05,5.0
2003-12-03,5.25
2004-02-04,5.25
2004-03-03,5.25
2004-04-07,5.25
2004-05-05,5.25
2004-06-02,5.25
2004-07-07,5.25
2004-08-04,5.25
2004-09-08,5.25
2004-10-06,5.25
2004-11-03,5.25
2004-12-08,5.25
2005-02-02,5.25
2005-03-02,5.5
2005-04-06,5.5
2005-05-04,5.5
2005-06-08,5.5
2005-07-06,5.5
2005-08-03,5.5
2005-09-07,5.5
2005-10-05,5.5
2005-11-02,5.5
2005-12-07,5.5
2006-02-08,5.5
2006-03-08,5.5
2006-04-05,5.5
2006-05-03,5.75
2006-06-07,5.75
2006-07-05,5.75
2006-08-02,6.0
2006-09-06,6.0
2006-10-04,6.0
2006-11-08,6.25
2006-12-06,6.25
2007-02-07,6.25
2007-03-07,6.25
2007-04-04,6.25
2007-05-02,6.25
2007-06-06,6.25
2007-07-04,6.25
2007-08-08,6.5
2007-09-05,6.5
2007-10-03,6.5
2007-11-07,6.75
2007-12-05,6.75
2008-02-06,7.0
2008-03-05,7.25
2008-04-02,7.25
2008-05-07,7.25
2008-06-04,7.25
2008-07-02,7.25
2008-08-06,7.25
2008-09-03,7.0
2008-10-08,6.0
2008-11-05,5.25
2008-12-03,4.25
2009-02-04,3.25
2009-03-04,3.25
2009-04-08,3.0
2009-05-06,3.0
2009-06-03,3.0
2009-07-08,3.0
2009-08-05,3.0
2009-09-02,3.0
2009-10-07,3.25
2009-11-04,3.5
2009-12-02,3.75
2010-02-03,3.75
2010-03-03,4.0
2010-04-07,4.25
2010-05-05,4.5
2010-06-02,4.5
2010-07-07,4.5
2010-08-04,4.5
2010-09-08,4.5
2010-10-06,4.5
2010-11-03,4.75
2010-12-08,4.75
2011-02-02,4.75
2011-03-02,4.75
2011-04-06,4.75
2011-05-04,4.75
2011-06-08,4.75
2011-07-06,4.75
2011-08-03,4.75
2011-09-07,4.75
2011-10-05,4.75
2011-11-02,4.5
2011-12-07,4.25
2012-02-08,4.25
2012-03-07,4.25
2012-04-04,4.25
2012-05-02,3.75
2012-06-06,3.5
2012-07-04,3.5
2012-08-08,3.5
2012-09-05,3.5
2012-10-03,3.25
2012-11-07,3.25
2012-12-05,3.0
2013-02-06,3.0
2013-03-06,3.0
2013-04-03,3.0
2013-05-08,2.75
2013-06-05,2.75
2013-07-03,2.75
2013-08-07,2.5
2013-09-04,2.5
2013-10-02,2.5
2013-11-06,2.5
2013-12-04,2.5
2014-02-05,2.5
2014-03-05,2.5
2014-04-02,2.5
2014-05-07,2.5
2014-06-04,2.5
2014-07-02,2.5
2014-08-06,2.5
2014-09-03,2.5
2014-10-08,2.5
2014-11-05,2.5
2014-12-03,2.5
2015-02-04,2.25
2015-03-04,2.25
2015-04-08,2.25
2015-05-06,2.0
2015-06-03,2.0
2015-07-08,2.0
2015-08-05,2.0
2015-09-02,2.0
2015-10-07,2.0
2015-11-04,2.0
2015-12-02,2.0
2016-02-03,2.0
2016-03-02,2.0
2016-04-06,2.0
2016-05-04,1.75
2016-06-08,1.75
2016-07-06,1.75
2016-08-03,1.5
2016-09-07,1.5
2016-10-05,1.5
2016-11-02,1.5
2016-12-07,1.5
2017-02-08,1.5
2017-03-08,1.5
2017-04-05,1.5
2017-05-03,1.5
2017-06-07,1.5
2017-07-05,1.5
2017-08-02,1.5
2017-09-06,1.5
2017-10-04,1.5
2017-11-08,1.5
2017-12-06,1.5
2018-02-07,1.5
2018-03-07,1.5
2018-04-04,1.5
2018-05-02,1.5
2018-06-06,1.5
2018-07-04,1.5
2018-08-08,1.5
2018-09-05,1.5
2018-10-03,1.5
2018-11-07,1.5
2018-12-05,1.5
2019-02-06,1.5
2019-03-06,1.5
2019-04-03,1.5
2019-05-08,1.5
2019-06-05,1.25
2019-07-03,1.0
2019-08-07,1.0
2019-09-04,1.0
2019-10-02,0.75
2019-11-06,0.75
2019-12-04,0.75
2020-02-05,0.75
2020-03-04,0.5
2020-03-20,0.25
2020-04-08,0.25
2020-05-06,0.25
2020-06-03,0.25
2020-07-08,0.25
2020-08-05,0.25
2020-09-02,0.25
2020-10-07,0.25
2020-11-04,0.1
2020-12-02,0.1
2021-02-03,0.1
2021-03-03,0.1
2021-04-07,0.1
2021-05-05,0.1
2021-06-02,0.1
2021-07-07,0.1
2021-08-04,0.1
2021-09-08,0.1
2021-10-06,0.1
2021-11-03,0.1
2021-12-08,0.1
2022-02-02,0.1
2022-03-02,0.1
2022-04-06,0.1
2022-05-04,0.35
2022-06-08,0.85
2022-07-06,1.35
2022-08-03,1.85
2022-09-07,2.35
2022-10-05,2.6
2022-11-02,2.85
2022-12-07,3.1
2023-02-08,3.35
2023-03-08,3.6
2023-04-05,3.6
2023-05-03,3.85
2023-06-07,4.1
2023-07-05,4.1
2023-08-02,4.1
2023-09-06,4.1
2023-10-04,4.1
2023-11-08,4.35
2023-12-06,4.35
2024-02-07,4.35
2024-03-20,4.35
2024-05-08,4.35
2024-06-19,4.35
2024-08-07,4.35
2024-09-25,4.35
2024-11-06,4.35
2024-12-11,4.35
2025-02-19,4.1
2025-04-02,4.1
2025-05-21,3.85
2025-07-09,3.85
2025-08-13,3.6
2025-10-01,3.6
2025-11-05,3.6
2025-12-10,3.6
2026-02-04,3.85
2026-03-18,4.1
2026-05-06,4.35
2026-06-17,4.35
2026-08-12,4.35
