term,event_time,coef,se,ci_low,ci_high,n,absorbed_group_levels,absorbed_time_levels
et_-22,-22,0.034399716753412524,0.02142805605199781,-0.007599273108503182,0.07639870661532823,2270,49,49
et_-21,-21,0.024821876334563925,0.02343562972831177,-0.021111957932927146,0.07075571060205499,2270,49,49
et_-20,-20,0.02402282509914373,0.02389368458116342,-0.022808796679936575,0.07085444687822404,2270,49,49
et_-19,-19,0.017748849605048824,0.02052449329153681,-0.02247915724636332,0.05797685645646097,2270,49,49
et_-18,-18,0.016364110782054207,0.02692185063426299,-0.03640271646110125,0.06913093802520967,2270,49,49
et_-17,-17,0.00867993190143431,0.02407771466840869,-0.03851238884864672,0.05587225265151534,2270,49,49
et_-16,-16,0.00033674582637795505,0.02279480175892693,-0.044341065621118836,0.04501455727387474,2270,49,49
et_-15,-15,0.0012471716820904918,0.02769536270804107,-0.05303573922567,0.05553008258985099,2270,49,49
et_-14,-14,0.017807489907217804,0.022908656910424235,-0.027093477637213696,0.0627084574516493,2270,49,49
et_-13,-13,0.024213551713143704,0.023577417704165625,-0.02199818698702092,0.07042529041330833,2270,49,49
et_-12,-12,0.030263494615952163,0.024144485759630217,-0.017059697472923064,0.07758668670482739,2270,49,49
et_-11,-11,0.02123310549904014,0.03351276660388315,-0.04445191704457083,0.08691812804265112,2270,49,49
et_-10,-10,0.016523940962227535,0.024700176737438618,-0.031888405443152155,0.06493628736760723,2270,49,49
et_-9,-9,0.03276170548669151,0.028993530522715596,-0.02406561433783106,0.08958902531121407,2270,49,49
et_-8,-8,-0.00234293680456988,0.024751199084066384,-0.05085528700933999,0.046169413400200233,2270,49,49
et_-7,-7,0.031109224158340335,0.026463835292236552,-0.020759893014443306,0.08297834133112397,2270,49,49
et_-6,-6,-0.008911131044622713,0.01847603038173936,-0.045124150592831855,0.027301888503586433,2270,49,49
et_-5,-5,0.02463151129585641,0.01798074700638823,-0.010610752836664517,0.05987377542837734,2270,49,49
et_-4,-4,0.014434482396798046,0.029896045005506668,-0.04416176581399502,0.07303073060759112,2270,49,49
et_-3,-3,0.042531789703260006,0.022637586752678726,-0.0018378803319902964,0.08690145973851031,2270,49,49
et_-2,-2,0.017198762156155997,0.02205052573692573,-0.026020268288218434,0.06041779260053043,2270,49,49
et_0,0,0.04576708357424344,0.019622734101957855,0.007306524734406045,0.08422764241408083,2270,49,49
et_1,1,0.05890847223279945,0.023049056132540602,0.01373232221301987,0.10408462225257903,2270,49,49
et_2,2,0.04924248069232786,0.02474563281639677,0.0007410403721901937,0.09774392101246553,2270,49,49
et_3,3,0.03366694804914849,0.019924184941811543,-0.005384454436802133,0.07271835053509912,2270,49,49
et_4,4,0.008271634168627182,0.01982893093507628,-0.030593070464122324,0.04713633880137669,2270,49,49
et_5,5,0.03412359034572283,0.01930537188960775,-0.0037149385579083594,0.07196211924935401,2270,49,49
et_6,6,0.05751702466213296,0.029740844474548514,-0.0007750305079821246,0.11580907983224804,2270,49,49
et_7,7,0.03997108909845906,0.020495343105014927,-0.00019978338737019347,0.08014196158428832,2270,49,49
et_8,8,0.043964042319220395,0.04525329790755204,-0.0447324215795816,0.1326605062180224,2270,49,49
et_9,9,0.03417231358498867,0.021039713984832478,-0.007065525825282984,0.07541015299526033,2270,49,49
et_10,10,0.04465016641216451,0.03125929822826943,-0.01661805811524357,0.10591839093957259,2270,49,49
et_11,11,0.03354352870986341,0.022777544069009302,-0.011100457665394824,0.07818751508512164,2270,49,49
et_12,12,0.04974815001489968,0.024567314823027913,0.001596212961764966,0.09790008706803438,2270,49,49
et_13,13,0.022614188796890554,0.023987260800935682,-0.024400842372943383,0.0696292199667245,2270,49,49
et_14,14,0.02541687391507494,0.02002865253660284,-0.013839285056666623,0.0646730328868165,2270,49,49
et_15,15,0.007262050455577088,0.024916724995233158,-0.0415747305350799,0.05609883144623408,2270,49,49
et_16,16,0.03583245959368208,0.022853080917002166,-0.008959579003642165,0.08062449819100632,2270,49,49
et_17,17,0.02791687578817291,0.016889297925304542,-0.005186148145423994,0.06101989972176981,2270,49,49
et_18,18,0.016883622266435458,0.021941192291355015,-0.02612111462462037,0.059888359157491286,2270,49,49
et_19,19,0.030258144877807685,0.02388854721824264,-0.016563407669947888,0.07707969742556325,2270,49,49
et_20,20,0.06506784466609064,0.035244128699396735,-0.0040106475847269535,0.13414633691690825,2270,49,49
et_21,21,0.020043105411442715,0.02051790755095307,-0.0201719933884253,0.06025820421131073,2270,49,49
et_22,22,0.06409500197271914,0.01747993432483047,0.029834330696051417,0.09835567324938686,2270,49,49
