specification,outcome,event_time,coef,se,ci_low,ci_high,n
main,log_median_unit_price,-22,0.034399716753412524,0.02142805605199781,-0.007599273108503182,0.07639870661532823,2270
main,log_median_unit_price,-21,0.024821876334563925,0.02343562972831177,-0.021111957932927146,0.07075571060205499,2270
main,log_median_unit_price,-20,0.02402282509914373,0.02389368458116342,-0.022808796679936575,0.07085444687822404,2270
main,log_median_unit_price,-19,0.017748849605048824,0.02052449329153681,-0.02247915724636332,0.05797685645646097,2270
main,log_median_unit_price,-18,0.016364110782054207,0.02692185063426299,-0.03640271646110125,0.06913093802520967,2270
main,log_median_unit_price,-17,0.00867993190143431,0.02407771466840869,-0.03851238884864672,0.05587225265151534,2270
main,log_median_unit_price,-16,0.00033674582637795505,0.02279480175892693,-0.044341065621118836,0.04501455727387474,2270
main,log_median_unit_price,-15,0.0012471716820904918,0.02769536270804107,-0.05303573922567,0.05553008258985099,2270
main,log_median_unit_price,-14,0.017807489907217804,0.022908656910424235,-0.027093477637213696,0.0627084574516493,2270
main,log_median_unit_price,-13,0.024213551713143704,0.023577417704165625,-0.02199818698702092,0.07042529041330833,2270
main,log_median_unit_price,-12,0.030263494615952163,0.024144485759630217,-0.017059697472923064,0.07758668670482739,2270
main,log_median_unit_price,-11,0.02123310549904014,0.03351276660388315,-0.04445191704457083,0.08691812804265112,2270
main,log_median_unit_price,-10,0.016523940962227535,0.024700176737438618,-0.031888405443152155,0.06493628736760723,2270
main,log_median_unit_price,-9,0.03276170548669151,0.028993530522715596,-0.02406561433783106,0.08958902531121407,2270
main,log_median_unit_price,-8,-0.00234293680456988,0.024751199084066384,-0.05085528700933999,0.046169413400200233,2270
main,log_median_unit_price,-7,0.031109224158340335,0.026463835292236552,-0.020759893014443306,0.08297834133112397,2270
main,log_median_unit_price,-6,-0.008911131044622713,0.01847603038173936,-0.045124150592831855,0.027301888503586433,2270
main,log_median_unit_price,-5,0.02463151129585641,0.01798074700638823,-0.010610752836664517,0.05987377542837734,2270
main,log_median_unit_price,-4,0.014434482396798046,0.029896045005506668,-0.04416176581399502,0.07303073060759112,2270
main,log_median_unit_price,-3,0.042531789703260006,0.022637586752678726,-0.0018378803319902964,0.08690145973851031,2270
main,log_median_unit_price,-2,0.017198762156155997,0.02205052573692573,-0.026020268288218434,0.06041779260053043,2270
main,log_median_unit_price,0,0.04576708357424344,0.019622734101957855,0.007306524734406045,0.08422764241408083,2270
main,log_median_unit_price,1,0.05890847223279945,0.023049056132540602,0.01373232221301987,0.10408462225257903,2270
main,log_median_unit_price,2,0.04924248069232786,0.02474563281639677,0.0007410403721901937,0.09774392101246553,2270
main,log_median_unit_price,3,0.03366694804914849,0.019924184941811543,-0.005384454436802133,0.07271835053509912,2270
main,log_median_unit_price,4,0.008271634168627182,0.01982893093507628,-0.030593070464122324,0.04713633880137669,2270
main,log_median_unit_price,5,0.03412359034572283,0.01930537188960775,-0.0037149385579083594,0.07196211924935401,2270
main,log_median_unit_price,6,0.05751702466213296,0.029740844474548514,-0.0007750305079821246,0.11580907983224804,2270
main,log_median_unit_price,7,0.03997108909845906,0.020495343105014927,-0.00019978338737019347,0.08014196158428832,2270
main,log_median_unit_price,8,0.043964042319220395,0.04525329790755204,-0.0447324215795816,0.1326605062180224,2270
main,log_median_unit_price,9,0.03417231358498867,0.021039713984832478,-0.007065525825282984,0.07541015299526033,2270
main,log_median_unit_price,10,0.04465016641216451,0.03125929822826943,-0.01661805811524357,0.10591839093957259,2270
main,log_median_unit_price,11,0.03354352870986341,0.022777544069009302,-0.011100457665394824,0.07818751508512164,2270
main,log_median_unit_price,12,0.04974815001489968,0.024567314823027913,0.001596212961764966,0.09790008706803438,2270
main,log_median_unit_price,13,0.022614188796890554,0.023987260800935682,-0.024400842372943383,0.0696292199667245,2270
main,log_median_unit_price,14,0.02541687391507494,0.02002865253660284,-0.013839285056666623,0.0646730328868165,2270
main,log_median_unit_price,15,0.007262050455577088,0.024916724995233158,-0.0415747305350799,0.05609883144623408,2270
main,log_median_unit_price,16,0.03583245959368208,0.022853080917002166,-0.008959579003642165,0.08062449819100632,2270
main,log_median_unit_price,17,0.02791687578817291,0.016889297925304542,-0.005186148145423994,0.06101989972176981,2270
main,log_median_unit_price,18,0.016883622266435458,0.021941192291355015,-0.02612111462462037,0.059888359157491286,2270
main,log_median_unit_price,19,0.030258144877807685,0.02388854721824264,-0.016563407669947888,0.07707969742556325,2270
main,log_median_unit_price,20,0.06506784466609064,0.035244128699396735,-0.0040106475847269535,0.13414633691690825,2270
main,log_median_unit_price,21,0.020043105411442715,0.02051790755095307,-0.0201719933884253,0.06025820421131073,2270
main,log_median_unit_price,22,0.06409500197271914,0.01747993432483047,0.029834330696051417,0.09835567324938686,2270
placebo_shifted_date,log_median_unit_price,2,-0.0013302440259424174,0.01079858826944723,-0.022495477034058985,0.019834988982174152,605
placebo_shifted_date,log_median_unit_price,3,-0.02533578318326992,0.018488621823346325,-0.06157348195702872,0.010901915590488878,605
placebo_shifted_date,log_median_unit_price,4,0.0012880652808421825,0.013140884044172057,-0.02446806744573505,0.02704419800741941,605
placebo_shifted_date,log_median_unit_price,5,-0.005320330969637774,0.009752144715982845,-0.02443453461296415,0.0137938726736886,605
placebo_shifted_date,log_median_unit_price,6,-0.015765244818137285,0.011036718841993538,-0.037397213748444624,0.005866724112170051,605
placebo_shifted_date,log_median_unit_price,7,-0.0023989085229377456,0.01545500503611577,-0.03269071839372465,0.02789290134784916,605
placebo_shifted_date,log_median_unit_price,8,0.03144005394544238,0.022995774200224185,-0.013631663486997021,0.07651177137788179,605
placebo_shifted_date,log_median_unit_price,9,-0.014270627225501015,0.018541199819588162,-0.05061137887189381,0.022070124420891783,605
placebo_shifted_date,log_median_unit_price,10,0.03169301951914163,0.010312797632554018,0.011479936159335753,0.05190610287894751,605
placebo_random_treatment,log_median_unit_price,-22,-0.007489050039702122,0.03259776697149992,-0.07138067330384197,0.05640257322443772,2270
placebo_random_treatment,log_median_unit_price,-21,-0.005605304201001892,0.026885412902263612,-0.05830071348943857,0.04709010508743479,2270
placebo_random_treatment,log_median_unit_price,-20,0.0007988291879669016,0.03418139697475195,-0.06619670888254692,0.06779436725848072,2270
placebo_random_treatment,log_median_unit_price,-19,0.0032154248199703786,0.028059684150346726,-0.05178155611470921,0.058212405754649955,2270
placebo_random_treatment,log_median_unit_price,-18,-0.005243385444527095,0.03749280628112074,-0.07872928575552374,0.06824251486646955,2270
placebo_random_treatment,log_median_unit_price,-17,0.010301591856776824,0.03270472268912994,-0.053799664613917865,0.0744028483274715,2270
placebo_random_treatment,log_median_unit_price,-16,-0.0013797437284057447,0.03618985681986892,-0.07231186309534883,0.06955237563853735,2270
placebo_random_treatment,log_median_unit_price,-15,-0.01218161643595501,0.045396253135349854,-0.10115827258124073,0.0767950397093307,2270
placebo_random_treatment,log_median_unit_price,-14,-0.010234779684892168,0.03206130688397681,-0.07307494117748672,0.05260538180770239,2270
placebo_random_treatment,log_median_unit_price,-13,-0.009101156313493874,0.03211247026705865,-0.07204159803692882,0.053839285409941075,2270
placebo_random_treatment,log_median_unit_price,-12,-0.005462679035038466,0.0322407953826731,-0.06865463798507773,0.0577292799150008,2270
placebo_random_treatment,log_median_unit_price,-11,0.008164747549145146,0.03623936992783745,-0.06286441750941626,0.07919391260770656,2270
placebo_random_treatment,log_median_unit_price,-10,-0.008393312014690535,0.03384099977038953,-0.07472167156465401,0.05793504753527294,2270
placebo_random_treatment,log_median_unit_price,-9,-0.013038968321897725,0.03997186596705765,-0.09138382561733073,0.06530588897353527,2270
placebo_random_treatment,log_median_unit_price,-8,-0.007969466206230383,0.03055246086582205,-0.0678522895032416,0.051913357090780834,2270
placebo_random_treatment,log_median_unit_price,-7,-0.004360673647446014,0.04213139949024629,-0.08693821664832874,0.0782168693534367,2270
placebo_random_treatment,log_median_unit_price,-6,0.008228240097080338,0.02155422067536373,-0.03401803242663257,0.050474512620793256,2270
placebo_random_treatment,log_median_unit_price,-5,0.0014648297070062515,0.0256516820569535,-0.04881246712462261,0.051742126538635115,2270
placebo_random_treatment,log_median_unit_price,-4,0.0044123383384790426,0.03886714890643971,-0.0717672735181428,0.08059195019510088,2270
placebo_random_treatment,log_median_unit_price,-3,0.003080465431801769,0.03623849569810049,-0.06794698613647518,0.07410791700007872,2270
placebo_random_treatment,log_median_unit_price,-2,-0.000719394598781149,0.030134192721698906,-0.059782412333311,0.0583436231357487,2270
placebo_random_treatment,log_median_unit_price,0,-0.0036957808696140874,0.031377843884778406,-0.06519635488377976,0.05780479314455159,2270
placebo_random_treatment,log_median_unit_price,1,0.002999813346235505,0.03102602213520226,-0.057811190038760916,0.06381081673123193,2270
placebo_random_treatment,log_median_unit_price,2,0.004871624491893685,0.037691698169245655,-0.06900410391982778,0.07874735290361516,2270
placebo_random_treatment,log_median_unit_price,3,-0.0035194401606863115,0.029792665222332714,-0.06191306399645844,0.05487418367508582,2270
placebo_random_treatment,log_median_unit_price,4,0.00798196623077975,0.023940818130278173,-0.038942037304565476,0.054905969766124975,2270
placebo_random_treatment,log_median_unit_price,5,-0.006165016510938452,0.02614282393361566,-0.05740495142082515,0.04507491839894824,2270
placebo_random_treatment,log_median_unit_price,6,-0.008803242406560352,0.0463713609315959,-0.0996911098324883,0.0820846250193676,2270
placebo_random_treatment,log_median_unit_price,7,-0.013290154611182641,0.02975842326894277,-0.07161666421831046,0.04503635499594518,2270
placebo_random_treatment,log_median_unit_price,8,-0.014950821732034308,0.04791628921610201,-0.10886674859559424,0.07896510513152563,2270
placebo_random_treatment,log_median_unit_price,9,0.001999308264608627,0.030335199230252123,-0.057457682226685534,0.06145629875590279,2270
placebo_random_treatment,log_median_unit_price,10,-6.542991396771281e-06,0.03308784209442721,-0.0648587134964741,0.06484562751368056,2270
placebo_random_treatment,log_median_unit_price,11,-0.020077777634548866,0.033691539540224726,-0.08611319513338932,0.04595763986429159,2270
placebo_random_treatment,log_median_unit_price,12,-0.01185091403831317,0.038453736871466526,-0.08722023830638756,0.06351841022976122,2270
placebo_random_treatment,log_median_unit_price,13,-0.008999890249417147,0.03800893546088203,-0.08349740375274592,0.06549762325391163,2270
placebo_random_treatment,log_median_unit_price,14,-0.005074679127587191,0.02950040916970591,-0.06289548110021077,0.052746122845036394,2270
placebo_random_treatment,log_median_unit_price,15,-0.002030837162491406,0.028290035423664595,-0.057479306592874015,0.0534176322678912,2270
placebo_random_treatment,log_median_unit_price,16,0.0004090217085415189,0.03180732416435721,-0.06193333365359862,0.06275137707068165,2270
placebo_random_treatment,log_median_unit_price,17,-0.003062978685409197,0.0236891522363852,-0.04949371706872419,0.0433677596979058,2270
placebo_random_treatment,log_median_unit_price,18,-6.401490148140176e-05,0.03357027632463114,-0.06586175649775843,0.06573372669479563,2270
placebo_random_treatment,log_median_unit_price,19,0.00331538198755441,0.038632702772873444,-0.07240471544727754,0.07903547942238635,2270
placebo_random_treatment,log_median_unit_price,20,-0.0162494673133881,0.05884075826126771,-0.13157735350547278,0.0990784188786966,2270
placebo_random_treatment,log_median_unit_price,21,-0.002914981130088511,0.030666577747880848,-0.06302147351593497,0.05719151125575796,2270
placebo_random_treatment,log_median_unit_price,22,-0.0023779420526449583,0.028770700308701925,-0.058768514657700735,0.05401263055241081,2270
radius_1km,log_median_unit_price,-22,-0.0016313660693553105,0.010186791232097332,-0.02159747688426608,0.018334744745555458,236
radius_1km,log_median_unit_price,22,0.0016313660693553092,0.010186791232097332,-0.01833474474555546,0.021597476884266078,236
radius_3km,log_median_unit_price,-22,0.038176540296720775,0.021768722638537217,-0.0044901560748121724,0.08084323666825372,2416
radius_3km,log_median_unit_price,-21,0.02315889456428122,0.021465985789979724,-0.01891443758407904,0.06523222671264148,2416
radius_3km,log_median_unit_price,-20,0.025151951212427012,0.02334847489148959,-0.020611059574892586,0.07091496199974662,2416
radius_3km,log_median_unit_price,-19,0.017073461984200757,0.019716484338714185,-0.02157084731967904,0.05571777128808056,2416
radius_3km,log_median_unit_price,-18,0.016124696941411568,0.026751662256185714,-0.03630856108071243,0.06855795496353556,2416
radius_3km,log_median_unit_price,-17,0.013192221854623596,0.026889715460834948,-0.0395116204486129,0.06589606415786009,2416
radius_3km,log_median_unit_price,-16,0.007572571987851642,0.02357240842181225,-0.03862934851890037,0.05377449249460365,2416
radius_3km,log_median_unit_price,-15,0.010993134944336395,0.029462248756345635,-0.04675287261810105,0.06873914250677385,2416
radius_3km,log_median_unit_price,-14,0.024824289380656252,0.022866793881148855,-0.019994626626395503,0.069643205387708,2416
radius_3km,log_median_unit_price,-13,0.028387880553822402,0.022717814699811063,-0.016139036257807278,0.07291479736545209,2416
radius_3km,log_median_unit_price,-12,0.025292171419913172,0.023306715841016422,-0.02038899162847901,0.07097333446830535,2416
radius_3km,log_median_unit_price,-11,0.014470849866794571,0.03009223372976443,-0.0445099282435437,0.07345162797713285,2416
radius_3km,log_median_unit_price,-10,0.02253755663651235,0.02395328291195929,-0.024410877870927855,0.06948599114395256,2416
radius_3km,log_median_unit_price,-9,0.03721030337582579,0.027683140122130207,-0.017048651263549416,0.09146925801520099,2416
radius_3km,log_median_unit_price,-8,-0.011679672637963066,0.025617689778109767,-0.06189034460305821,0.038530999327132075,2416
radius_3km,log_median_unit_price,-7,0.03407256944880194,0.02714567990484769,-0.019132963164699535,0.08727810206230341,2416
radius_3km,log_median_unit_price,-6,-0.007672089963065527,0.01782197652923619,-0.04260316396036845,0.0272589840342374,2416
radius_3km,log_median_unit_price,-5,0.02531108653556186,0.018894536668801174,-0.011722205335288439,0.06234437840641216,2416
radius_3km,log_median_unit_price,-4,0.017509316739698834,0.027330140948708496,-0.03605775951976982,0.07107639299916749,2416
radius_3km,log_median_unit_price,-3,0.040827554176251564,0.023957655270642923,-0.006129450154208564,0.08778455850671169,2416
radius_3km,log_median_unit_price,-2,0.01737863629862682,0.020729843912802394,-0.023251857770465872,0.058009130367719514,2416
radius_3km,log_median_unit_price,0,0.04536119783598237,0.022028180951103673,0.002185963171819176,0.08853643250014556,2416
radius_3km,log_median_unit_price,1,0.0623827071202935,0.021817752588677634,0.01961991204648534,0.10514550219410165,2416
radius_3km,log_median_unit_price,2,0.046039668953438834,0.025010037673471795,-0.0029800048865658846,0.09505934279344355,2416
radius_3km,log_median_unit_price,3,0.03996351578825139,0.021800414587418805,-0.0027652968030894634,0.08269232837959226,2416
radius_3km,log_median_unit_price,4,0.006868026932185526,0.02044215150954704,-0.03319859002652667,0.046934643890897715,2416
radius_3km,log_median_unit_price,5,0.03149136262352749,0.019839749333768544,-0.007394546070658856,0.07037727131771383,2416
radius_3km,log_median_unit_price,6,0.05930009206452872,0.028863732594611897,0.002727176179089401,0.11587300794996805,2416
radius_3km,log_median_unit_price,7,0.043524382264240165,0.022565516869449808,-0.000704030799881461,0.08775279532836179,2416
radius_3km,log_median_unit_price,8,0.023074868702557653,0.0400117033492445,-0.05534806986196156,0.10149780726707686,2416
radius_3km,log_median_unit_price,9,0.036033749212269386,0.02229610164535775,-0.007666610012631803,0.07973410843717058,2416
radius_3km,log_median_unit_price,10,0.04575681883080039,0.02718770222122187,-0.0075310775227944715,0.09904471518439525,2416
radius_3km,log_median_unit_price,11,0.025214206010745626,0.025236378280385073,-0.024249095418809114,0.07467750744030037,2416
radius_3km,log_median_unit_price,12,0.053539450728883865,0.02472596311117947,0.005076563030972106,0.10200233842679562,2416
radius_3km,log_median_unit_price,13,0.02809668258811019,0.02456411201255751,-0.020048976956502526,0.0762423421327229,2416
radius_3km,log_median_unit_price,14,0.02976859648570611,0.019605914805940573,-0.008658996533937417,0.06819618950534964,2416
radius_3km,log_median_unit_price,15,0.015534895938885854,0.02338936421409059,-0.0303082579207317,0.061378049798503406,2416
radius_3km,log_median_unit_price,16,0.0439530039345222,0.02233642895635387,0.00017360318006861414,0.08773240468897578,2416
radius_3km,log_median_unit_price,17,0.029483006431486387,0.019640124441545455,-0.0090116374739427,0.06797765033691547,2416
radius_3km,log_median_unit_price,18,0.018691916305033442,0.022503314241568807,-0.02541457960844142,0.0627984122185083,2416
radius_3km,log_median_unit_price,19,0.029378920748264464,0.022935019266251563,-0.0155737170135886,0.07433155851011752,2416
radius_3km,log_median_unit_price,20,0.05892018704570943,0.03544678575754973,-0.010555513039088048,0.1283958871305069,2416
radius_3km,log_median_unit_price,21,0.019753452872500833,0.022302231376619096,-0.02395892062567259,0.06346582637067426,2416
radius_3km,log_median_unit_price,22,0.061096685205265386,0.01953890333554309,0.022800434667600934,0.09939293574292984,2416
outcome_log_median_price,log_median_price,-22,0.026650662224907244,0.01625169714145957,-0.005202664172353509,0.058503988622168,2270
outcome_log_median_price,log_median_price,-21,0.019818349641735955,0.01562574168912507,-0.010808104068949186,0.050444803352421096,2270
outcome_log_median_price,log_median_price,-20,0.013210022603782477,0.019364695544997295,-0.02474478066441222,0.051164825871977175,2270
outcome_log_median_price,log_median_price,-19,0.028385355757095204,0.016606576672617147,-0.004163534521234403,0.06093424603542481,2270
outcome_log_median_price,log_median_price,-18,0.026561263011664525,0.020346895919410572,-0.013318652990380195,0.06644117901370925,2270
outcome_log_median_price,log_median_price,-17,0.006620292141949006,0.01790622839087537,-0.02847591550416672,0.041716499788064736,2270
outcome_log_median_price,log_median_price,-16,0.018759670749111168,0.01827668884952072,-0.017062639395949444,0.05458198089417178,2270
outcome_log_median_price,log_median_price,-15,0.02085835497827987,0.019967421815109607,-0.01827779177933496,0.0599945017358947,2270
outcome_log_median_price,log_median_price,-14,0.017282091617294416,0.01940969164034349,-0.020760903997778822,0.055325087232367655,2270
outcome_log_median_price,log_median_price,-13,0.030429072861642783,0.017354469691784023,-0.0035856877342539013,0.06444383345753947,2270
outcome_log_median_price,log_median_price,-12,0.02531659737174762,0.01706073837511248,-0.008122449843472847,0.05875564458696808,2270
outcome_log_median_price,log_median_price,-11,0.03758974943259032,0.01594659186428942,0.006334429378583056,0.06884506948659759,2270
outcome_log_median_price,log_median_price,-10,0.047399415147094975,0.017746377834569966,0.012616514591337842,0.08218231570285212,2270
outcome_log_median_price,log_median_price,-9,0.029743344095487765,0.020476196661471113,-0.010390001360995615,0.06987668955197114,2270
outcome_log_median_price,log_median_price,-8,0.04000821704398634,0.019144921748508403,0.0024841704169098686,0.0775322636710628,2270
outcome_log_median_price,log_median_price,-7,0.04430950470498497,0.02666400630735063,-0.007951947657422263,0.09657095706739222,2270
outcome_log_median_price,log_median_price,-6,-0.019425388744459746,0.013044461008023471,-0.04499253232018575,0.0061417548312662565,2270
outcome_log_median_price,log_median_price,-5,0.030885187369960744,0.017948663878400984,-0.004294193831705186,0.06606456857162668,2270
outcome_log_median_price,log_median_price,-4,0.02136277322579558,0.023179496002504494,-0.02406903893911323,0.06679458539070439,2270
outcome_log_median_price,log_median_price,-3,0.01715226705002205,0.02071051861865967,-0.0234403494425509,0.05774488354259501,2270
outcome_log_median_price,log_median_price,-2,0.0022951529181042592,0.017495232038564703,-0.031995501877482554,0.036585807713691076,2270
outcome_log_median_price,log_median_price,0,0.024592481485741027,0.015181010079184088,-0.005162298269459787,0.054347261240941844,2270
outcome_log_median_price,log_median_price,1,0.042969298944902465,0.019382726429002826,0.004979155144056925,0.08095944274574801,2270
outcome_log_median_price,log_median_price,2,0.03443811135512064,0.020383307602633516,-0.00551317154604105,0.07438939425628233,2270
outcome_log_median_price,log_median_price,3,0.036566153470533824,0.01456281731106335,0.00802303154084966,0.06510927540021799,2270
outcome_log_median_price,log_median_price,4,0.03526459838903887,0.01232802709884657,0.011101665275299596,0.059427531502778144,2270
outcome_log_median_price,log_median_price,5,0.026759986270315457,0.01725289661962929,-0.007055691104157949,0.06057566364478886,2270
outcome_log_median_price,log_median_price,6,0.06274860239963179,0.02496789033565354,0.013811537341750849,0.11168566745751272,2270
outcome_log_median_price,log_median_price,7,0.048729171133472055,0.01709673744065508,0.015219565749788097,0.08223877651715601,2270
outcome_log_median_price,log_median_price,8,0.02127991920718313,0.020923329591192936,-0.019729806791555022,0.062289645205921285,2270
outcome_log_median_price,log_median_price,9,0.03786957124093681,0.016471594860713954,0.005585245313937462,0.07015389716793616,2270
outcome_log_median_price,log_median_price,10,0.03470858088130626,0.01619610146535053,0.002964222009219225,0.0664529397533933,2270
outcome_log_median_price,log_median_price,11,0.038753174873686166,0.01657108491786641,0.0062738484346680015,0.07123250131270434,2270
outcome_log_median_price,log_median_price,12,0.04709345330954804,0.01757179866695808,0.01265272792231021,0.08153417869678586,2270
outcome_log_median_price,log_median_price,13,0.034020991346430135,0.020126472432553225,-0.005426894621374183,0.07346887731423446,2270
outcome_log_median_price,log_median_price,14,0.03616237252808703,0.019764544854336968,-0.0025761353864134223,0.07490088044258748,2270
outcome_log_median_price,log_median_price,15,0.0017290590869373863,0.012845716021644847,-0.023448544315486514,0.026906662489361285,2270
outcome_log_median_price,log_median_price,16,0.030812800492956097,0.016579951320852524,-0.001683904095914849,0.06330950508182705,2270
outcome_log_median_price,log_median_price,17,0.03686597944517827,0.014734771331541453,0.007985827635357021,0.06574613125499952,2270
outcome_log_median_price,log_median_price,18,0.04331619599444081,0.019272289894031024,0.005542507802140002,0.08108988418674162,2270
outcome_log_median_price,log_median_price,19,0.04766847400775171,0.019292486353545166,0.009855200754803187,0.08548174726070024,2270
outcome_log_median_price,log_median_price,20,0.0569519508305114,0.02780518801909114,0.0024537823130927616,0.11145011934793003,2270
outcome_log_median_price,log_median_price,21,0.05153736056012639,0.016661674452483684,0.01888047863325837,0.0841942424869944,2270
outcome_log_median_price,log_median_price,22,0.049068064211875165,0.013535245413029985,0.022538983202336396,0.07559714522141393,2270
outcome_n_sales,n_sales,-22,-0.5103244925559925,3.206828902789028,-6.7957091420224875,5.775060156910503,2270
outcome_n_sales,n_sales,-21,-2.9693990901084946,3.213005132563218,-9.266889149932402,3.328090969715413,2270
outcome_n_sales,n_sales,-20,-1.0480193359783625,3.272640937333905,-7.462395573152817,5.366356901196092,2270
outcome_n_sales,n_sales,-19,-0.25693718841052515,2.777125635561756,-5.700103434111567,5.186229057290516,2270
outcome_n_sales,n_sales,-18,-1.3348791750494744,3.0854276117971806,-7.382317294171949,4.712558944073,2270
outcome_n_sales,n_sales,-17,-5.264604672663351,1.8289610011369324,-8.849368234891738,-1.6798411104349635,2270
outcome_n_sales,n_sales,-16,-6.1140748337183375,2.714256140665755,-11.434016869423218,-0.7941327980134583,2270
outcome_n_sales,n_sales,-15,-5.021856420079603,1.9960171192387985,-8.934049973787648,-1.1096628663715578,2270
outcome_n_sales,n_sales,-14,0.40135378367599506,2.3408245611924645,-4.186662356261236,4.989369923613225,2270
outcome_n_sales,n_sales,-13,-2.3234387425031415,2.469670060544501,-7.163992061170363,2.51711457616408,2270
outcome_n_sales,n_sales,-12,-1.6411663723063121,2.1477469441110237,-5.850750382763919,2.5684176381512946,2270
outcome_n_sales,n_sales,-11,-1.9210786025519282,3.0419269102730704,-7.883255346687146,4.04109814158329,2270
outcome_n_sales,n_sales,-10,-3.216313444147479,2.346041198860045,-7.8145541939131675,1.381927305618209,2270
outcome_n_sales,n_sales,-9,-5.230476422905849,1.6211732992718442,-8.407976089478664,-2.052976756333035,2270
outcome_n_sales,n_sales,-8,-3.5742858846755867,1.7158557234280492,-6.9373631025945635,-0.21120866675661043,2270
outcome_n_sales,n_sales,-7,-1.0110920735550462,2.040018514305219,-5.009528361593276,2.9873442144831834,2270
outcome_n_sales,n_sales,-6,0.41064111379591384,1.9146478905408342,-3.3420687516641214,4.163350979255949,2270
outcome_n_sales,n_sales,-5,-4.031556500607091,2.4153646841287055,-8.765671281499355,0.7025582802851718,2270
outcome_n_sales,n_sales,-4,-4.691053546093046,2.4810447358443675,-9.553901228348007,0.17179413616191486,2270
outcome_n_sales,n_sales,-3,-3.5952310609587346,2.2006019751353074,-7.908410932223937,0.7179488103064675,2270
outcome_n_sales,n_sales,-2,-0.03528925713045039,1.9953514019249279,-3.946178004903309,3.8755994906424083,2270
outcome_n_sales,n_sales,0,1.5242039065261133,3.1517124891707677,-4.653152572248592,7.701560385300818,2270
outcome_n_sales,n_sales,1,2.387155042136776,2.707149139911431,-2.9188572720896286,7.6931673563631815,2270
outcome_n_sales,n_sales,2,0.9074526180942617,4.857245495036196,-8.612748552176683,10.427653788365205,2270
outcome_n_sales,n_sales,3,-1.4090440675848153,3.7526759886262466,-8.764289005292259,5.946200870122627,2270
outcome_n_sales,n_sales,4,2.782189164511377,3.778618792407369,-4.623903668607065,10.18828199762982,2270
outcome_n_sales,n_sales,5,5.556943283065925,6.255381484606946,-6.70360442676369,17.81749099289554,2270
outcome_n_sales,n_sales,6,4.944681882218902,6.415070870507176,-7.628857023975163,17.518220788412968,2270
outcome_n_sales,n_sales,7,-2.0452067763467467,2.2648193317846186,-6.484252666644599,2.3938391139511057,2270
outcome_n_sales,n_sales,8,-8.188136791424597,2.863270328146664,-13.800146634592059,-2.5761269482571354,2270
outcome_n_sales,n_sales,9,3.3178873674657154,5.352353412648554,-7.172725321325451,13.808500056256882,2270
outcome_n_sales,n_sales,10,1.6965805931455402,3.8029645134124537,-5.757229853142869,9.150391039433948,2270
outcome_n_sales,n_sales,11,0.2879629647975799,2.2075302153980974,-4.038796257382691,4.6147221869778505,2270
outcome_n_sales,n_sales,12,0.35712773944994813,3.1868113647384324,-5.889022535437379,6.603278014337276,2270
outcome_n_sales,n_sales,13,1.0234629457791558,2.8744100280426674,-4.610380709184472,6.657306600742784,2270
outcome_n_sales,n_sales,14,-0.5566796314619853,5.9942219955047475,-12.305354742651291,11.19199547972732,2270
outcome_n_sales,n_sales,15,1.588136476080308,5.114810076458628,-8.436891273778603,11.613164225939219,2270
outcome_n_sales,n_sales,16,5.597142686752978,4.854959445485201,-3.9185778263980158,15.112863199903972,2270
outcome_n_sales,n_sales,17,5.5637784187601635,6.7195668082189774,-7.606572525349032,18.73412936286936,2270
outcome_n_sales,n_sales,18,5.591339965577376,7.038774319599062,-8.204657700836785,19.387337631991535,2270
outcome_n_sales,n_sales,19,4.384816690647499,4.426623471329497,-4.291365313158316,13.060998694453314,2270
outcome_n_sales,n_sales,20,-4.5781516906591815,3.809275945464312,-12.044332543769233,2.88802916245087,2270
outcome_n_sales,n_sales,21,1.382302134740557,5.681088292245282,-9.752630918060195,12.51723518754131,2270
outcome_n_sales,n_sales,22,3.671146107772633,6.062349704972253,-8.211059313972981,15.553351529518249,2270
