model,kind,rank,feature,value
linear_ridge,abs_coefficient,1,post_code__te,0.1587884203600943
linear_ridge,abs_coefficient,2,dist_metro,0.09904181234556889
linear_ridge,abs_coefficient,3,dist_cbd,0.0987502413065185
linear_ridge,abs_coefficient,4,year_num,0.05214438504320646
linear_ridge,abs_coefficient,5,pc_months_observed,0.05214438460939848
linear_ridge,abs_coefficient,6,pc_med_price_3m,0.04358185983635575
linear_ridge,abs_coefficient,7,pc_n_sales_12m,0.027059511681895132
linear_ridge,abs_coefficient,8,area_sqm,0.024835540786907837
linear_ridge,abs_coefficient,9,dist_cbd_x_area,0.024211714291671314
linear_ridge,abs_coefficient,10,pc_med_price_12m,0.01953170126880338
linear_ridge,abs_coefficient,11,pc_med_price_6m,0.017828339623043116
linear_ridge,abs_coefficient,12,log_dist_cbd,0.016578108410135795
linear_ridge,abs_coefficient,13,pc_med_unit_price_3m,0.015357058304538651
linear_ridge,abs_coefficient,14,pc_n_months_observed_12m,0.014895050394584733
linear_ridge,abs_coefficient,15,area_sqm__bin,0.01453017605401121
linear_ridge,abs_coefficient,16,council_name__te,0.01227397242971817
linear_ridge,abs_coefficient,17,locality__te,0.011912942915326534
linear_ridge,abs_coefficient,18,pc_n_sales_3m,0.01059778397220628
linear_ridge,abs_coefficient,19,pc_n_sales_6m,0.009304734628686022
linear_ridge,abs_coefficient,20,development_type__freq,0.009253796317420748
linear_ridge,abs_coefficient,21,council_name__freq,0.007861145269097973
linear_ridge,abs_coefficient,22,post_code__freq,0.007821134752143945
linear_ridge,abs_coefficient,23,locality__freq,0.006450727376843118
linear_ridge,abs_coefficient,24,pc_price_iqr_ratio_12m,0.005759872436135887
linear_ridge,abs_coefficient,25,cash_rate_asof,0.005328492580749897
linear_ridge,abs_coefficient,26,pc_med_unit_price_6m,0.005137151975907966
linear_ridge,abs_coefficient,27,pc_n_months_observed_6m,0.00486572622949007
linear_ridge,abs_coefficient,28,log_area,0.004334260070116664
linear_ridge,abs_coefficient,29,pc_med_unit_price_12m,0.004137149388013487
linear_ridge,abs_coefficient,30,pc_med_unit_price_3m__isna,0.002866609161373252
linear_ridge,abs_coefficient,31,pc_med_price_3m__isna,0.0028666091587753236
linear_ridge,abs_coefficient,32,cpi_yoy_asof,0.0024757071696771093
linear_ridge,abs_coefficient,33,dist_train,0.002473630622130744
linear_ridge,abs_coefficient,34,pc_med_price_6m__isna,0.0021622926706817945
linear_ridge,abs_coefficient,35,pc_med_unit_price_6m__isna,0.0021622926696065283
linear_ridge,abs_coefficient,36,pc_n_sales_6m__isna,0.001407888627356473
linear_ridge,abs_coefficient,37,zoning_clean__freq,0.0011538525480297862
linear_ridge,abs_coefficient,38,pc_price_iqr_ratio_12m__isna,0.001099508959072439
linear_ridge,abs_coefficient,39,pc_med_unit_price_12m__isna,0.001099508942108695
linear_ridge,abs_coefficient,40,pc_med_price_12m__isna,0.0010995089402738958
random_forest,importance,1,pc_med_price_3m,0.35836655769302056
random_forest,importance,2,pc_med_price_6m,0.21004350786022158
random_forest,importance,3,pc_med_unit_price_3m,0.11565670708654667
random_forest,importance,4,pc_med_price_12m,0.08758758869867445
random_forest,importance,5,pc_med_unit_price_6m,0.0668489868071409
random_forest,importance,6,council_name__te,0.025943185182645094
random_forest,importance,7,post_code__te,0.02377514626694055
random_forest,importance,8,pc_med_unit_price_12m,0.022606754398057614
random_forest,importance,9,locality__te,0.016007229852817648
random_forest,importance,10,area_sqm,0.009109330727906921
random_forest,importance,11,log_area,0.009024408088960708
random_forest,importance,12,year_num,0.006275331685988869
random_forest,importance,13,pc_months_observed,0.006124729016150088
random_forest,importance,14,log_dist_cbd,0.004066956706140242
random_forest,importance,15,dist_cbd_x_area,0.0039758481868534725
random_forest,importance,16,area_sqm__bin,0.002853915482777967
random_forest,importance,17,dist_cbd,0.0026849216122913555
random_forest,importance,18,zoning_clean__freq,0.0021799702151951064
random_forest,importance,19,pc_price_iqr_ratio_12m,0.002178088717352375
random_forest,importance,20,cash_rate_asof,0.002167680769185747
random_forest,importance,21,pc_n_sales_12m,0.0020622092225408605
random_forest,importance,22,council_name__freq,0.001726846341917335
random_forest,importance,23,cpi_yoy_asof,0.0016285048530922345
random_forest,importance,24,pc_n_sales_6m,0.0016017465879296087
random_forest,importance,25,pc_n_sales_3m,0.0015590258492515169
random_forest,importance,26,development_type__freq,0.0013105397705968083
random_forest,importance,27,post_code__freq,0.001235904700682252
random_forest,importance,28,locality__freq,0.0011486569912688147
random_forest,importance,29,pc_n_months_observed_6m,0.0011375748550517119
random_forest,importance,30,dist_train,0.0010867903420370972
random_forest,importance,31,pc_n_months_observed_12m,0.0010158360766937965
random_forest,importance,32,pc_med_price_6m__isna,0.000979214106488253
random_forest,importance,33,dist_metro,0.0009772145728864695
random_forest,importance,34,pc_med_unit_price_6m__isna,0.0008950649998744798
random_forest,importance,35,month_cos,0.0007528531405963043
random_forest,importance,36,month_sin,0.0007051808081501624
random_forest,importance,37,pc_med_unit_price_3m__isna,0.0006977915076382451
random_forest,importance,38,pc_med_price_3m__isna,0.0006588143585999039
random_forest,importance,39,pc_price_iqr_ratio_12m__isna,0.00029912157520570496
random_forest,importance,40,pc_n_months_observed_3m,0.0002908359654806118
xgboost,importance,1,pc_med_price_3m,0.5253865718841553
xgboost,importance,2,pc_n_sales_6m__isna,0.15807099640369415
xgboost,importance,3,pc_med_price_6m,0.0882277861237526
xgboost,importance,4,pc_med_unit_price_3m,0.03870028629899025
xgboost,importance,5,pc_med_price_3m__isna,0.025657758116722107
xgboost,importance,6,pc_med_unit_price_3m__isna,0.02314794808626175
xgboost,importance,7,pc_med_price_6m__isna,0.019793646410107613
xgboost,importance,8,council_name__te,0.0170589666813612
xgboost,importance,9,post_code__te,0.010502215474843979
xgboost,importance,10,pc_n_months_observed_12m,0.010160992853343487
xgboost,importance,11,area_sqm__bin,0.008984046056866646
xgboost,importance,12,pc_med_price_12m__isna,0.0062475670129060745
xgboost,importance,13,development_type__freq,0.006064003333449364
xgboost,importance,14,pc_med_unit_price_6m,0.005956423003226519
xgboost,importance,15,pc_months_observed,0.005880401004105806
xgboost,importance,16,year_num,0.004396137315779924
xgboost,importance,17,locality__te,0.004362966399639845
xgboost,importance,18,pc_n_months_observed_6m,0.004262176807969809
xgboost,importance,19,pc_med_unit_price_6m__isna,0.0031541408970952034
xgboost,importance,20,area_sqm,0.0029484478291124105
xgboost,importance,21,pc_med_price_12m,0.00285828928463161
xgboost,importance,22,pc_n_sales_12m__isna,0.002727230079472065
xgboost,importance,23,log_area,0.0021320851519703865
xgboost,importance,24,pc_med_unit_price_12m__isna,0.0019672010093927383
xgboost,importance,25,zoning_clean__freq,0.0018804407445713878
xgboost,importance,26,pc_med_unit_price_12m,0.0016355332918465137
xgboost,importance,27,post_code__freq,0.0015776752261444926
xgboost,importance,28,pc_n_months_observed_3m,0.0015189063269644976
xgboost,importance,29,locality__freq,0.0014267520746216178
xgboost,importance,30,cash_rate_asof,0.0013675411464646459
xgboost,importance,31,dist_cbd,0.001256907475180924
xgboost,importance,32,log_dist_cbd,0.0012381270062178373
xgboost,importance,33,dist_metro,0.0011979409027844667
xgboost,importance,34,council_name__freq,0.0011762026697397232
xgboost,importance,35,dist_train,0.0010221913689747453
xgboost,importance,36,pc_n_months_observed_3m__isna,0.0009983639465644956
xgboost,importance,37,pc_n_sales_12m,0.0007232235511764884
xgboost,importance,38,dist_cbd_x_area,0.0007192587363533676
xgboost,importance,39,pc_price_iqr_ratio_12m,0.0007157137151807547
xgboost,importance,40,pc_n_sales_6m,0.0006386683671735227
