fold,layer,n,rmsle,mdape_pct,r2_log10
0,L0_property_location,66170,0.34372790601852665,17.58057271411672,0.6321978505857515
0,L1_plus_calendar,66170,0.32885767896331347,16.671264696043593,0.6633329196361459
0,L2_plus_labels,66170,0.31981330706745587,16.15211480291576,0.6815965690996582
0,L3_plus_lagged_price,66170,0.3197622835217843,16.128355745941498,0.6816981582185402
0,L4_plus_unit_price,66170,0.31989720047023684,16.09851849375472,0.6814295000614223
0,L5_plus_liquidity,66170,0.3201994946506361,16.10302741688489,0.6808271346175865
1,L0_property_location,71430,0.34983448243615395,19.315606435237285,0.6406512316306332
1,L1_plus_calendar,71430,0.33923050186057857,17.916335374372196,0.6621058125648713
1,L2_plus_labels,71430,0.33322098999742444,17.481681011971755,0.6739714504244307
1,L3_plus_lagged_price,71430,0.3285566529024161,16.848870600453523,0.6830348880862223
1,L4_plus_unit_price,71430,0.327384824421901,16.7502037822019,0.6852918283993248
1,L5_plus_liquidity,71430,0.33076601406503875,17.05305042192756,0.6787577265425393
2,L0_property_location,67653,0.33304487870108146,18.418617175799323,0.6650745659894617
2,L1_plus_calendar,67653,0.31603744798836547,15.885494887446464,0.698408080346715
2,L2_plus_labels,67653,0.3072647244936588,15.418657335848994,0.7149191683036977
2,L3_plus_lagged_price,67653,0.3080897735351066,15.516784061510725,0.7133861485437623
2,L4_plus_unit_price,67653,0.30772512698302185,15.504897743419994,0.7140642035295547
2,L5_plus_liquidity,67653,0.3080284013923067,15.56952883606374,0.7135003253567398
3,L0_property_location,84087,0.40157370179695306,26.19821226318535,0.5632558462992951
3,L1_plus_calendar,84087,0.35179269724802037,20.459945946865066,0.6648260853358343
3,L2_plus_labels,84087,0.3389889150711919,19.813560790175327,0.688779951456653
3,L3_plus_lagged_price,84087,0.3247771933319138,17.770462866373887,0.7143280358090774
3,L4_plus_unit_price,84087,0.3222146162289992,17.521649949280736,0.7188183041583809
3,L5_plus_liquidity,84087,0.32338735267119206,17.56389546949429,0.7167677944062356
4,L0_property_location,77622,0.4308888561278258,29.44520331689693,0.519604528100831
4,L1_plus_calendar,77622,0.3303314133003829,16.32429200670287,0.7176627817085304
4,L2_plus_labels,77622,0.3158258388221617,15.626508633019276,0.741914445389241
4,L3_plus_lagged_price,77622,0.3111426391998447,14.92208558600564,0.7495117013248799
4,L4_plus_unit_price,77622,0.3109654255162272,14.95622095101132,0.7497969551422641
4,L5_plus_liquidity,77622,0.31110595985523487,14.927144608580395,0.7495707559443197
5,L0_property_location,66360,0.385111133767031,23.213112871257906,0.6052028028731729
5,L1_plus_calendar,66360,0.3382302398063933,16.108334250212902,0.695472316568981
5,L2_plus_labels,66360,0.3266160418728699,15.50779247855668,0.716027075094511
5,L3_plus_lagged_price,66360,0.3244969641349517,15.445195932294464,0.7196999418328178
5,L4_plus_unit_price,66360,0.32375035160602283,15.374641315262345,0.7209883038492191
5,L5_plus_liquidity,66360,0.3245510124942307,15.430868428974026,0.7196065602508644
6,L0_property_location,80676,0.3724687906577111,20.469051987857263,0.623975196891364
6,L1_plus_calendar,80676,0.3618388620080382,19.207212827626126,0.6451317600362103
6,L2_plus_labels,80676,0.3464177974854648,18.501378474091506,0.6747351697460919
6,L3_plus_lagged_price,80676,0.3395127453139359,17.14173274249025,0.6875727691790554
6,L4_plus_unit_price,80676,0.33911075433824356,17.051916887073137,0.6883121733788184
6,L5_plus_liquidity,80676,0.3397820586978726,17.185425001191643,0.6870769161799877
7,L0_property_location,63994,0.4791962070161823,30.21364150893795,0.32059692229800385
7,L1_plus_calendar,63994,0.3813611583617068,19.035956316075307,0.5696976851831395
7,L2_plus_labels,63994,0.3611009483909741,18.228644813532142,0.6142037300637814
7,L3_plus_lagged_price,63994,0.352470561209795,17.513736835220566,0.6324245764952064
7,L4_plus_unit_price,63994,0.3517260259106923,17.49922468188686,0.6339758199963871
7,L5_plus_liquidity,63994,0.35285830394016354,17.498424042641545,0.6316154133611387
