config,fold,n_numeric_features,train_rows,valid_rows,tail_rmsle,valid_rmsle,seconds
full,0,27,485548,66170,0.3089,0.3198,13.1
lean,0,16,485548,66170,0.3076,0.319,10.7
nocal,0,13,485548,66170,0.3113,0.3232,10.8
full,1,27,625793,71430,0.2902,0.3267,16.4
lean,1,16,625793,71430,0.2909,0.3301,14.7
nocal,1,13,625793,71430,0.2927,0.3296,14.1
full,2,27,764091,67653,0.2815,0.3067,21.4
lean,2,16,764091,67653,0.2813,0.3065,17.3
nocal,2,13,764091,67653,0.2839,0.3118,16.3
full,3,27,892511,84087,0.2956,0.3232,19.5
lean,3,16,892511,84087,0.2948,0.3231,15.9
nocal,3,13,892511,84087,0.2946,0.3199,16.0
full,4,27,1057595,77622,0.2954,0.3135,21.3
lean,4,16,1057595,77622,0.2952,0.314,18.1
nocal,4,13,1057595,77622,0.2958,0.3143,19.2
full,5,27,1215393,66360,0.296,0.3282,26.0
lean,5,16,1215393,66360,0.2957,0.3276,21.8
nocal,5,13,1215393,66360,0.2957,0.3285,24.0
full,6,27,1335838,80676,0.3002,0.338,26.1
lean,6,16,1335838,80676,0.2996,0.3376,20.1
nocal,6,13,1335838,80676,0.3004,0.339,22.3
full,7,27,1512692,63994,0.3305,0.3536,24.0
lean,7,16,1512692,63994,0.3294,0.3487,19.0
nocal,7,13,1512692,63994,0.3294,0.3525,21.8
