measure,x,y,n,n_postcodes,coefficient,ci_low,ci_high,boot_std,bootstrap_draws,year
log10 pearson,area_sqm,purchase_price,29979,502,-0.006394388268973407,-0.06741140258969726,0.046383471152254094,0.028149152055330248,60,2001
log10 pearson,area_sqm,purchase_price,41405,522,-0.056436978248357056,-0.09822783939880078,-0.0022920865932069792,0.02727111481814803,60,2002
log10 pearson,area_sqm,purchase_price,39704,532,-0.06938323097779737,-0.11252893776677567,-0.027432619784720343,0.023200871987555483,60,2003
log10 pearson,area_sqm,purchase_price,28640,536,-0.09337072811427667,-0.14460542102188825,-0.0354106181405214,0.02806881006204763,60,2004
log10 pearson,area_sqm,purchase_price,29658,530,-0.08396723438123511,-0.12274771617873147,-0.03887361359933479,0.0241952404830915,60,2005
log10 pearson,area_sqm,purchase_price,32747,539,-0.07984275026904793,-0.13148942778879807,-0.03390195317074365,0.025013002927117358,60,2006
log10 pearson,area_sqm,purchase_price,37514,536,-0.06944825801872856,-0.10568079644177114,-0.007360933652014536,0.026492804302422516,60,2007
log10 pearson,area_sqm,purchase_price,30516,533,-0.06156949741041387,-0.0989936593040166,-0.012353339956740936,0.022151559183320207,60,2008
log10 pearson,area_sqm,purchase_price,40001,538,-0.06794213639253587,-0.10768864145105156,-0.01871958564319588,0.024342282083383758,60,2009
log10 pearson,area_sqm,purchase_price,33198,545,-0.08232151984633097,-0.12893591266571133,-0.026319929080123556,0.02798511629995752,60,2010
log10 pearson,area_sqm,purchase_price,33276,533,-0.08055126667930476,-0.12935986846228723,-0.025768948536635815,0.026562666855404274,60,2011
log10 pearson,area_sqm,purchase_price,31347,538,-0.07535429279134598,-0.11330657983011154,-0.025769531987992575,0.023489276148923804,60,2012
log10 pearson,area_sqm,purchase_price,36350,540,-0.08070373815254832,-0.12068650849442028,-0.03174824104888276,0.02518582764139636,60,2013
log10 pearson,area_sqm,purchase_price,38990,548,-0.09977110460493846,-0.13631749053411663,-0.06127058747718026,0.020926003936257844,60,2014
log10 pearson,area_sqm,purchase_price,39741,547,-0.10550116527343599,-0.1549816608212901,-0.069625158553818,0.024160340947249285,60,2015
log10 pearson,area_sqm,purchase_price,36148,541,-0.1416604800938601,-0.17723013719383582,-0.0921489962471111,0.02051180455732985,60,2016
log10 pearson,area_sqm,purchase_price,35885,539,-0.15559179048299554,-0.18493534817994536,-0.11511307233906777,0.01869291781033359,60,2017
log10 pearson,area_sqm,purchase_price,30910,533,-0.16591689356246306,-0.20145849526352186,-0.1278369833021806,0.02043766881697238,60,2018
log10 pearson,area_sqm,purchase_price,31892,536,-0.13536395007361368,-0.17710382008965758,-0.08382968699455576,0.02541993321652026,60,2019
log10 pearson,area_sqm,purchase_price,37142,540,-0.11932727594559646,-0.15551830465878308,-0.07274797158551756,0.02087922593544957,60,2020
log10 pearson,area_sqm,purchase_price,43513,540,-0.14762072223670697,-0.1862595898308098,-0.1075675152140829,0.022003889325091175,60,2021
log10 pearson,area_sqm,purchase_price,31337,530,-0.18678419860628342,-0.2165146880539851,-0.14968944609498808,0.02089371792914743,60,2022
log10 pearson,area_sqm,purchase_price,30107,534,-0.189037629321839,-0.23246255766506568,-0.15073810677970817,0.021835126820494807,60,2023
