placebo_draw,coefficient
1,-0.43669114240839735
2,-0.43640307093409836
3,-0.43576516014559563
4,-0.43667399175584426
5,-0.4368147237595872
6,-0.4364079433344189
7,-0.4363192014285878
8,-0.43529990638021515
9,-0.4357815730603062
10,-0.4374397157069807
11,-0.43701525446945355
12,-0.4355576395211711
13,-0.43735430030787414
14,-0.436628652998611
15,-0.4375098910366764
16,-0.43775242153154764
17,-0.4362113459000785
18,-0.4371355433404881
19,-0.4381861646734479
20,-0.4366417321880199
21,-0.43754277528514
22,-0.43697888921845973
23,-0.43660803955136285
24,-0.4352752310476323
25,-0.437741945199309
26,-0.4376867746176596
27,-0.4375024259834341
28,-0.43677047089027116
29,-0.43674933603239835
30,-0.43771310736281777
31,-0.4376312721055898
32,-0.4366604021094125
33,-0.4371126474793405
34,-0.43644848713911877
35,-0.43526734481241114
36,-0.43652729946708446
37,-0.4366886706559964
38,-0.4372060873113299
39,-0.4377673505374356
40,-0.4381090998073591
41,-0.4361999710895508
42,-0.4368073520060709
43,-0.435977804965903
44,-0.4369115225340601
45,-0.43669517023029114
46,-0.4371336167746156
47,-0.4368836491735466
48,-0.437912769291021
49,-0.4368731855861492
50,-0.4369248403728042
51,-0.43630677155725844
52,-0.4378386248958182
53,-0.4379951823656146
54,-0.4353710542819229
55,-0.4357897277782081
56,-0.43569780642579353
57,-0.4372379586640184
58,-0.43710819780270327
59,-0.43629883182288726
60,-0.4366100296597938
61,-0.4370859604563233
62,-0.4368844102435117
63,-0.43699630422918595
64,-0.4366667234009986
65,-0.4372031703771545
66,-0.43687087974061883
67,-0.43628236408519894
68,-0.4371216418785836
69,-0.4356643841605126
70,-0.43689753592545255
71,-0.4358115237637665
72,-0.4364825724881203
73,-0.4372398154369506
74,-0.437295800563433
75,-0.4371735186980056
76,-0.4366185673224369
77,-0.437197885206765
78,-0.43736098337130086
79,-0.43729442886533015
80,-0.435861670589254
81,-0.43780093793649333
82,-0.4372549446352132
83,-0.4365553181874118
84,-0.4359987337207558
85,-0.4350505076857926
86,-0.4354481765613044
87,-0.4379412793464545
88,-0.43626329065699826
89,-0.43731911728224293
90,-0.4371853743178608
91,-0.4372770385345273
92,-0.4368668218951278
93,-0.4375101983445621
94,-0.4377546324362994
95,-0.43726582139075276
96,-0.43653509792093803
97,-0.4366329807721579
98,-0.4356152254756954
99,-0.4363330852215352
100,-0.4362378046133378
101,-0.4377806620109802
102,-0.43692317610645437
103,-0.4367916385123322
104,-0.43840270040498
105,-0.4362517850917065
106,-0.43626557339694944
107,-0.43558473175560086
108,-0.4366952151879371
109,-0.43695675335030865
110,-0.4364811528671194
111,-0.43592363382157134
112,-0.4363039156159053
113,-0.43724788122784036
114,-0.43739038526446244
115,-0.4366247704044371
116,-0.4371858703734795
117,-0.4365884769996812
118,-0.43633040481862156
119,-0.4365249783022645
120,-0.4376823988366568
121,-0.43757397939125847
122,-0.43864168706369633
123,-0.4363763422690271
124,-0.43709216133457723
125,-0.43623105551972663
126,-0.43798342744824903
127,-0.4358971553370213
128,-0.4379911756346496
129,-0.4365386051840827
130,-0.43742974689018715
131,-0.4359648784124127
132,-0.43670455907054756
133,-0.4374828606067541
134,-0.4371340782360678
135,-0.4372066232896204
136,-0.43656269611951526
137,-0.4363065770152639
138,-0.43667539702525376
139,-0.43671069148091557
140,-0.43694183584983615
141,-0.43790634403653483
142,-0.4376119963885305
143,-0.43567299827285233
144,-0.43635754499800283
145,-0.43670579289637024
146,-0.4378099711783017
147,-0.4370466941697131
148,-0.4354914198096158
149,-0.43665293903171576
150,-0.4365810795072656
151,-0.4379392118525794
152,-0.436771295958122
153,-0.4381569625800777
154,-0.4358649214282925
155,-0.4368533082149908
156,-0.43712995732412674
157,-0.4383596772942645
158,-0.4368642884737004
159,-0.43719093511036883
160,-0.4369648911411237
161,-0.436574305297108
162,-0.4365117565489516
163,-0.4376282505428915
164,-0.4368843786404961
165,-0.43622631504617193
166,-0.4363637856597012
167,-0.4362064835821282
168,-0.4366542198901704
169,-0.4362334898216501
170,-0.43539958869348505
171,-0.43626573711695776
172,-0.43719139261388357
173,-0.4372252928752477
174,-0.4357397290921817
175,-0.43779273788594786
176,-0.4375247724048439
177,-0.4368231454950863
178,-0.43711141517135127
179,-0.4377631919701805
180,-0.4361758152427786
181,-0.435852953031971
182,-0.43720538363968137
183,-0.4381627064567311
184,-0.4374061743070283
185,-0.436823672926031
186,-0.4367779125930488
187,-0.43568509340005646
188,-0.43616740728577463
189,-0.4379596071704432
190,-0.4377718460057159
191,-0.4363027779754985
192,-0.4363807699859539
193,-0.4363187462823909
194,-0.43608165728337933
195,-0.43750186858747253
196,-0.4364448399159379
197,-0.43815628205562707
198,-0.4361470430217246
199,-0.43767262438890286
200,-0.43630744608230676
