area_band,median_area,median_unit_price,median_price,n,unit_price_index
0,354.1,1691.1171623087735,597500.0,80000,100.0
1,473.2,1096.1157487119403,515700.0,80000,64.81607384407855
2,551.96,860.8914450035945,470000.0,80000,50.906670702121836
3,577.5,776.8508863399375,450000.0,80000,45.93714165134205
4,619.7,697.2592530241038,432500.0,80000,41.230688716574825
5,670.3,658.954458925172,441061.5,80000,38.96563015335637
6,718.4,660.1607347876005,475000.0,80000,39.036960271062796
7,794.8,543.1476781349877,430000.0,80000,32.117684702191966
8,916.8,509.97531425079353,465000.0,80000,30.15611961234886
9,1111.0,355.7312252964427,410000.0,80000,21.03527970887515
