group,column,log10_lower,log10_upper,value_lower,value_upper
2001,area_sqm,2.46909716607282,3.2034012306073203,294.5080472227485,1597.354209574992
2002,area_sqm,2.46172012643467,3.2181654461289066,289.5477046246632,1652.5912392235277
2003,area_sqm,2.4501393868309904,3.237466678801706,281.92876365515514,1727.6934183273165
2004,area_sqm,2.442905695417191,3.249522831158038,277.2717959303923,1776.3266485410804
2005,area_sqm,2.467333499805716,3.2079769445426267,293.31447767876176,1614.2728574024445
2006,area_sqm,2.4520976001567467,3.208415033182612,283.2028373575842,1615.9020547249288
2007,area_sqm,2.441432634112251,3.207421254748686,276.3329250204261,1612.2086789587922
2008,area_sqm,2.4542727604212757,3.1905546488649215,284.6248143970864,1550.7959168458165
2009,area_sqm,2.4410204700840255,3.1924721255379134,276.07079766681255,1557.658055956328
2010,area_sqm,2.429411073893189,3.20451907089306,268.78874150803284,1601.4709711606417
2011,area_sqm,2.450671808555311,3.182683789525514,282.2746051352719,1522.9434925397861
2012,area_sqm,2.418013780749508,3.2129866396143765,261.826608801427,1633.0017103963269
2013,area_sqm,2.39887999375767,3.219120743436858,250.54168491021883,1656.2303680072155
2014,area_sqm,2.3928660050606743,3.2227291366550554,247.09616498595787,1670.0487036027082
2015,area_sqm,2.408315440612596,3.2221157138961862,256.04449367153927,1667.691494904603
2016,area_sqm,2.4022365805645896,3.2277583098355267,252.48558052498475,1689.5004424135336
2017,area_sqm,2.392299150633102,3.238006946631259,246.7738579097175,1729.8440282115937
2018,area_sqm,2.395576004466899,3.2381844412222867,248.64286679605294,1730.5511537274083
2019,area_sqm,2.3606901365742177,3.2473808261195503,229.45109604236728,1767.5871111337487
2020,area_sqm,2.330458639098113,3.265878901171378,214.02210888377974,1844.50102614038
2021,area_sqm,2.3324850298707087,3.2685177973616497,215.02305596228467,1855.7428561055813
2022,area_sqm,2.372126280393402,3.252420492906992,235.57341643258445,1788.2181267440424
2023,area_sqm,2.3407503805308436,3.2530608208814598,219.1544938846156,1790.8566374488164
__all__,area_sqm,2.417688945667146,3.2238352942017,261.63084608208777,1674.3077758597303
2001,purchase_price,4.614782343834151,6.149580622063859,41189.10391695222,1411174.1813367666
2002,purchase_price,4.672721186118885,6.19356615296531,47067.505943492855,1561586.8851908334
2003,purchase_price,4.813334483223331,6.216313038111624,65063.05975506406,1645557.408505782
2004,purchase_price,4.906262570497338,6.215083849062859,80586.55129108953,1640906.5517936002
2005,purchase_price,4.92625963754503,6.207007751915498,84383.90856799606,1610674.3845656381
2006,purchase_price,4.926889335685679,6.228446701779383,84506.34837159533,1692180.561053162
2007,purchase_price,4.932600958458146,6.279666570090793,85625.07372909412,1903998.360524684
2008,purchase_price,4.938907643363022,6.2521239654855965,86877.56566643406,1786997.584578759
2009,purchase_price,4.986378350898006,6.235622375192685,96912.17730892822,1720372.0381653246
2010,purchase_price,4.976270716279295,6.368376949640112,94682.71795903044,2335484.286537743
2011,purchase_price,5.009034199621399,6.29524085085573,102101.98833444927,1973516.9048810191
2012,purchase_price,4.999897738914595,6.347237043995425,99976.45628688256,2224523.735486513
2013,purchase_price,5.01059518392372,6.416525613655865,102469.63374589963,2609309.609352434
2014,purchase_price,5.013345270171273,6.4992057227329365,103120.56174932956,3156499.484469841
2015,purchase_price,5.004653625527409,6.583169545791547,101077.29839370746,3829742.24827619
2016,purchase_price,5.034604554690173,6.579237267185896,108294.03973927183,3795222.719454558
2017,purchase_price,5.037101963622387,6.640801412508388,108918.5782264434,4373220.875227674
2018,purchase_price,5.078068706890013,6.56691905068506,119692.98747778939,3689088.3025368215
2019,purchase_price,5.106816503406426,6.5564496574844195,127884.08586015154,3601220.033794509
2020,purchase_price,5.094805551466598,6.609344965373202,124395.75246226719,4067663.002830302
2021,purchase_price,5.138503328143859,6.758108306890179,137563.53521886808,5729388.96013409
2022,purchase_price,5.268146503023617,6.72085811267492,185415.69912356802,5258454.406011347
2023,purchase_price,5.298354666553356,6.714218949960474,198771.75240708864,5178678.496991965
__all__,purchase_price,4.84587452136028,6.5671736479575955,70125.26595509538,3691251.5977587085
