group,price_upper,area_upper,rows_kept,rows_flagged,flagged_share
2001,1411174.1813367666,1597.354209574992,47968,29662,0.3821
2002,1561586.8851908334,1652.5912392235277,310,106800,0.9971
2003,1645557.408505782,1727.6934183273165,387,100941,0.9962
2004,1640906.5517936002,1776.3266485410804,1713,71611,0.9766
2005,1610674.3845656381,1614.2728574024445,16598,57519,0.7761
2006,1692180.561053162,1615.9020547249288,81697,1225,0.0148
2007,1903998.360524684,1612.2086789587922,93592,1053,0.0111
2008,1786997.584578759,1550.7959168458165,75343,1210,0.0158
2009,1720372.0381653246,1557.658055956328,97605,1140,0.0115
2010,2335484.286537743,1601.4709711606417,82997,985,0.0117
2011,1973516.9048810191,1522.9434925397861,82423,854,0.0103
2012,2224523.735486513,1633.0017103963269,77611,1037,0.0132
2013,2609309.609352434,1656.2303680072155,92282,859,0.0092
2014,3156499.484469841,1670.0487036027082,99953,1228,0.0121
2015,3829742.24827619,1667.691494904603,102625,1223,0.0118
2016,3795222.719454558,1689.5004424135336,93613,1367,0.0144
2017,4373220.875227674,1729.8440282115937,93969,1159,0.0122
2018,3689088.3025368215,1730.5511537274083,80876,1011,0.0123
2019,3601220.033794509,1767.5871111337487,83867,860,0.0102
2020,4067663.002830302,1844.50102614038,98535,1337,0.0134
2021,5729388.96013409,1855.7428561055813,122763,1787,0.0143
2022,5258454.406011347,1788.2181267440424,87872,1624,0.0181
2023,5178678.496991965,1790.8566374488164,84506,767,0.009
