model,n,rmsle,rmse_log10,mae_log10,r2_log10,mae_aud,rmse_aud,mdape_pct,mape_pct,fold,valid_start,valid_end,train_rows,valid_rows
naive_postcode_month,66170,0.3615412947978031,0.15701538931084272,0.10837317820326849,0.5930880012154987,111221.61433964508,200230.16809831953,17.24137931034477,27.02528634723242,0,2008-02,2009-01,485548,66170
naive_global_median,66170,0.5849327671727989,0.2540330730675461,0.19141479949302728,-0.06511519278577538,195864.84145624025,329040.20598572225,31.85999848323966,41.457360208110785,0,2008-02,2009-01,485548,66170
linear_ridge,66170,0.354497767701769,0.15395642435989906,0.11397659114745323,0.6087884325231632,117252.53749494863,187197.86674028388,21.114356451617994,30.30061930428736,0,2008-02,2009-01,485548,66170
random_forest,66170,0.3205959354815511,0.13923304570024858,0.09764227929169791,0.6800363058449868,100589.44327089122,175622.66600259123,16.012687221024052,24.580556078415565,0,2008-02,2009-01,485548,66170
xgboost,66170,0.31974531166829573,0.13886362447197625,0.09740640904592474,0.6817319459986388,100207.60756378104,173794.2855781283,16.076887235706792,24.742483295033345,0,2008-02,2009-01,485548,66170
naive_postcode_month,71430,0.354156131918311,0.15380805382432258,0.1065325828844445,0.6317180258178461,124544.28202785944,212880.3468946034,16.59742767915842,25.944737023282705,1,2010-02,2011-01,625793,71430
naive_global_median,71430,0.6432777864490834,0.2793719929857753,0.2139199262050071,-0.21503290815794074,247089.00726585463,395460.2594849084,34.61538461538463,41.978630297709344,1,2010-02,2011-01,625793,71430
linear_ridge,71430,0.32660497290223744,0.1418427374936028,0.10122108920765302,0.6867893525227481,118551.67324787607,195661.18865712293,16.7118042972375,25.044774049620933,1,2010-02,2011-01,625793,71430
random_forest,71430,0.3186449542203269,0.13838574530420228,0.09800635181923013,0.7018704512285543,117332.80009943654,197956.6919084414,15.859347502568873,23.94698011291207,1,2010-02,2011-01,625793,71430
xgboost,71430,0.3178818941047805,0.13805435250665998,0.09765213857372992,0.7032966051875635,116951.82093331058,197024.3652155747,15.835268708477146,24.144848725376253,1,2010-02,2011-01,625793,71430
naive_postcode_month,67653,0.3508743295590104,0.15238278516898124,0.10461637221442201,0.6282544308836828,121148.7705718889,206421.84623849008,16.40624999999988,25.97276855049211,2,2012-02,2013-01,764091,67653
naive_global_median,67653,0.6245506020557198,0.2712388801421528,0.2089720540456765,-0.17781714505018864,241146.2313422909,380969.05464597896,34.8148148148148,42.328607855405934,2,2012-02,2013-01,764091,67653
linear_ridge,67653,0.32323528705004706,0.14037930152224906,0.10079224809517365,0.684513964254161,116789.33420542552,183468.02003928932,17.3898502869422,26.388734638406774,2,2012-02,2013-01,764091,67653
random_forest,67653,0.30675933096449637,0.1332238847102141,0.09382269704036358,0.7158562073149533,109351.53351491709,178737.67550107537,15.372644733392177,23.4439490240127,2,2012-02,2013-01,764091,67653
xgboost,67653,0.3065530022576896,0.13313427729138969,0.09380477490991143,0.716238313408436,109323.61560534673,178769.12714530452,15.316268336884741,23.41157134827521,2,2012-02,2013-01,764091,67653
naive_postcode_month,84087,0.34808610633433706,0.15117187520819111,0.10444897443827537,0.6718518576208723,143532.69489933047,235290.21571744175,16.273584905660407,25.187923186268048,3,2014-02,2015-01,892511,84087
naive_global_median,84087,0.7173156839364434,0.3115262433162544,0.24675948094511724,-0.3935328967866576,326682.7831412703,490428.2640818684,39.999999999999964,45.28100914413881,3,2014-02,2015-01,892511,84087
linear_ridge,84087,0.334605220597853,0.14531720092166786,0.10792235376344217,0.6967770997159302,150499.79235322136,232460.5663246325,18.5618401267197,25.445939749881934,3,2014-02,2015-01,892511,84087
random_forest,84087,0.30668695304927485,0.1331924513810217,0.09286982001915745,0.745265848407856,128340.74864704473,204992.8359384641,15.114972519627475,23.190621837242485,3,2014-02,2015-01,892511,84087
xgboost,84087,0.30350236266954295,0.131809401351982,0.09198859041626761,0.7505286227643821,127251.16135619208,202331.21594118376,14.975170985414572,23.063786037355747,3,2014-02,2015-01,892511,84087
naive_postcode_month,77622,0.35426619735477494,0.15385585463602713,0.10327578714634618,0.6752659626934172,150119.44226185876,243619.41649236373,15.691489361702327,25.95321404388331,4,2016-02,2017-01,1057595,77622
naive_global_median,77622,0.749998945128113,0.3257204033023992,0.26484630958960853,-0.4554245146100251,374063.3543067687,541579.94539009,43.50364963503648,48.22260923171649,4,2016-02,2017-01,1057595,77622
linear_ridge,77622,0.3391179095100308,0.14727703681477264,0.1073237425248657,0.7024432316565232,159129.34946018257,239475.66602319232,18.09379805855633,26.624364950406164,4,2016-02,2017-01,1057595,77622
random_forest,77622,0.3108341736344046,0.13499356639637913,0.0922717570352592,0.7500081213191386,135635.0421060689,210424.16257000202,14.733060799997633,23.89343733301031,4,2016-02,2017-01,1057595,77622
xgboost,77622,0.30775185452521764,0.1336549322157943,0.09139453006779198,0.7549415185516513,134569.29387646395,209024.5237640601,14.61175337262824,23.51501717184106,4,2016-02,2017-01,1057595,77622
naive_postcode_month,66360,0.36513403305839726,0.15857569571234145,0.10621256396440173,0.6450995581715939,157633.94925406872,250167.9125032951,16.261061946902647,28.124188590000365,5,2018-02,2019-01,1215393,66360
naive_global_median,66360,0.7299100384062106,0.31699590196560784,0.2606975996191491,-0.41821013538275276,373611.385307414,531456.9942232921,43.40277777777771,49.12183459961825,5,2018-02,2019-01,1215393,66360
linear_ridge,66360,0.3439603641001095,0.14938008812211093,0.10425704339703458,0.6850666073027625,156888.18474608014,241005.28897833702,16.563416175434337,27.520758917272026,5,2018-02,2019-01,1215393,66360
random_forest,66360,0.3238756742962931,0.14065741816957492,0.09529110374140745,0.7207722530315903,141700.2111157707,215407.94772792907,15.174811345122821,25.86072357408894,5,2018-02,2019-01,1215393,66360
xgboost,66360,0.31903531419447406,0.13855527648693028,0.09360095746502796,0.729056068824153,139041.11471465067,212859.1354912424,14.787464888780905,25.228770065085527,5,2018-02,2019-01,1215393,66360
naive_postcode_month,80676,0.3779725797092595,0.1641514056784684,0.11284760258724756,0.6127804246405519,172325.84876233328,266416.5557728185,16.869619296149043,28.78955822214032,6,2020-02,2021-01,1335838,80676
naive_global_median,80676,0.7314662253577828,0.31767174537148546,0.2615758507036867,-0.45019121700571096,391616.18457781745,551476.3774571336,43.333333333333336,49.02978766323841,6,2020-02,2021-01,1335838,80676
linear_ridge,80676,0.3630532574818553,0.1576720263613702,0.11013594754686838,0.6427457611690597,172734.03472899177,258792.5352117058,17.24857412141429,30.494961441605096,6,2020-02,2021-01,1335838,80676
random_forest,80676,0.33769471643221977,0.1466589519143964,0.1024327689101828,0.6909097923925267,156996.311937447,233755.3440117231,15.95869323278049,26.486790056538958,6,2020-02,2021-01,1335838,80676
xgboost,80676,0.33406860992353843,0.14508415386688264,0.10039804891898842,0.6975120666643576,153188.74459786707,228285.99170382443,15.703439919703282,26.3985503188643,6,2020-02,2021-01,1335838,80676
naive_postcode_month,63994,0.38686067260435963,0.16801145537745388,0.11281414944621561,0.5571976354199683,214299.1445526143,320667.64177846984,17.058823529411736,29.129322178348733,7,2022-02,2022-12,1512692,63994
naive_global_median,63994,0.8336100978554771,0.36203226555746343,0.3160800477868677,-1.056016993046109,536813.5122355219,684352.0985261609,51.32502632502627,53.6287755697606,7,2022-02,2022-12,1512692,63994
linear_ridge,63994,0.3769341922947843,0.16370043975428403,0.11934400571495364,0.5796298828135554,227599.12643513252,322974.4813352639,19.682538890219952,29.02366336865811,7,2022-02,2022-12,1512692,63994
random_forest,63994,0.34528291701398844,0.14995446555463357,0.10171738301817831,0.6472630541408952,195512.13491433137,274356.6457328604,16.456744159112763,28.610490505543716,7,2022-02,2022-12,1512692,63994
xgboost,63994,0.3383968849520389,0.14696389982792002,0.09956506479382742,0.6611921381083936,192662.7404190288,273480.5378317911,16.057227487909206,27.49056711943715,7,2022-02,2022-12,1512692,63994
