grouped_by,group,n,rmsle,rmse_log10,mae_log10,r2_log10,mae_aud,rmse_aud,mdape_pct,mape_pct
year,2008,61563,0.32124166061789905,0.1395134805637907,0.09795464123693386,0.6842709210830458,101535.07690333389,175895.81617857763,16.20310630761006,24.879628763127247
year,2009,4607,0.29903201344674857,0.12986795335234189,0.09008042285640978,0.6252232280966458,82468.73303569524,142773.41207402607,14.63185554280742,22.90981855610024
year,2010,68030,0.3182730349009015,0.13822422279606258,0.09783624733573389,0.7051177692202432,117736.36256377335,198134.08321600268,15.843726979930073,24.18544774342427
year,2011,3400,0.30995189976362375,0.1346103997227716,0.09396833884457405,0.6523942638608811,101254.06589790371,173333.32737416285,15.521137921802431,23.332510137786116
year,2012,63889,0.30615673170419944,0.13296217917666814,0.0937318884768829,0.7195982120473883,109759.29821847042,179332.86467014416,15.307204170358707,23.378403540566094
year,2013,3764,0.313202709402964,0.136022208410855,0.09504192722653228,0.6426802194787812,101928.47042206848,168913.66579660543,15.456847975518311,23.97455170606689
year,2014,79744,0.30240653946878954,0.13133349138275321,0.09160643565561688,0.754045119804864,127027.23121558553,201749.71950345443,14.902342791061177,22.977539320745198
year,2015,4343,0.322963082065446,0.14026108439949025,0.09900552553791905,0.671932193410866,131362.85491652595,212726.00387669302,16.129716472761967,24.647405233623758
year,2016,73659,0.3070399781706222,0.13334576824319608,0.09113157251189737,0.7578181514560074,134756.08727465823,209251.83538394456,14.582565896132785,23.45343041633288
year,2017,3963,0.32069575966731984,0.13927639879328843,0.0962820371608127,0.6870311189883913,131097.4253633188,204753.62626449825,14.98990855563883,24.65971028917063
year,2018,62991,0.31893685741912836,0.13851251725269165,0.09341638224685786,0.7304962431582347,139295.87640613093,213235.18619057952,14.729730072424363,25.18203154798905
year,2019,3369,0.3208706210905169,0.13935234014448064,0.09705200453173997,0.6914189717805712,134277.77434420426,205701.4718334505,15.982666220685617,26.102651314840287
year,2020,75957,0.3336529200227481,0.1449036220367865,0.10014371487235657,0.6997459847054086,152613.2626846187,227248.40798967163,15.655159781204068,26.403235222654924
year,2021,4719,0.3406897746021868,0.14795968915059232,0.10449180844007681,0.6582481184640446,162451.69854671395,244381.56166378476,16.384249404096167,26.323142131276985
year,2022,63994,0.3383968849520389,0.14696389982792002,0.09956506479382742,0.6611921381083936,192662.7404190288,273480.5378317911,16.057227487909206,27.49056711943715
area_band,Q1 smallest,115599,0.2932307682839965,0.12734850458999075,0.08685432273510504,0.7547120130341621,138735.00449620694,213694.9392875095,13.996650405785587,22.420928280370873
area_band,Q2,115598,0.29735190035231596,0.12913828950645642,0.0861153404235302,0.7391782455463825,121715.67398055686,197065.86020675823,13.324595759859243,22.275787191359566
area_band,Q3,115598,0.309875337812621,0.1345771492899274,0.09262311019276621,0.7335408767821079,122544.56767345572,196586.88199727345,14.827077902772995,23.7432117906239
area_band,Q4,115598,0.3223678289697179,0.14000256926467972,0.09834178564754328,0.7482207356595585,136358.8898457466,212618.0138327737,16.27430711716088,25.356206725144787
area_band,Q5 largest,115599,0.3632119576476354,0.15774094896764565,0.11426193029374354,0.7477843448007748,150560.36346939142,233509.50053900294,19.279424169791007,29.678985126311247
region_type,Established,210819,0.3015622422043813,0.1309668177397347,0.08613185142114674,0.72018257958034,167882.06386430134,253312.4374403155,13.54347108331303,22.843666862610533
region_type,Greenfield,232375,0.331768877808241,0.1440853928993533,0.10301348865544514,0.657524443840514,117694.389233119,180284.96823390538,16.96530897804856,26.474129616238557
